title,pubDate,guid,link,description
Ukraine: Angry Zelensky vows to punish Russian atrocities,"Mon, 07 Mar 2022 08:01:56 GMT",https://www.bbc.co.uk/news/world-europe-60638042,https://www.bbc.co.uk/news/world-europe-60638042?at_medium=RSS&at_campaign=KARANGA,The Ukrainian president says the country will not forgive or forget those who murder its civilians.
War in Ukraine: Taking cover in a town under attack,"Sun, 06 Mar 2022 22:49:58 GMT",https://www.bbc.co.uk/news/world-europe-60641873,https://www.bbc.co.uk/news/world-europe-60641873?at_medium=RSS&at_campaign=KARANGA,"Jeremy Bowen was on the frontline in Irpin, as residents came under Russian fire while trying to flee."
Ukraine war 'catastrophic for global food',"Mon, 07 Mar 2022 00:14:42 GMT",https://www.bbc.co.uk/news/business-60623941,https://www.bbc.co.uk/news/business-60623941?at_medium=RSS&at_campaign=KARANGA,One of the world's biggest fertiliser firms says the conflict could deliver a shock to food supplies.
Manchester Arena bombing: Saffie Roussos's parents on hearing the truth,"Mon, 07 Mar 2022 00:05:40 GMT",https://www.bbc.co.uk/news/uk-60579079,https://www.bbc.co.uk/news/uk-60579079?at_medium=RSS&at_campaign=KARANGA,The parents of the Manchester Arena bombing's youngest victim speak about their life since she died.
Ukraine conflict: Oil price soars to highest level since 2008,"Mon, 07 Mar 2022 08:15:53 GMT",https://www.bbc.co.uk/news/business-60642786,https://www.bbc.co.uk/news/business-60642786?at_medium=RSS&at_campaign=KARANGA,Consumers are feeling the impact of higher energy costs as fuel prices and household bills jump.
Ukraine war: PM to hold talks with world leaders on further sanctions,"Mon, 07 Mar 2022 08:33:29 GMT",https://www.bbc.co.uk/news/uk-60642926,https://www.bbc.co.uk/news/uk-60642926?at_medium=RSS&at_campaign=KARANGA,"Boris Johnson is to meet the Canadian and Dutch PMs, as MPs debate new laws targeting oligarchs."
Ukraine war: UK grants 50 Ukrainian refugee visas so far,"Mon, 07 Mar 2022 08:09:21 GMT",https://www.bbc.co.uk/news/uk-60640460,https://www.bbc.co.uk/news/uk-60640460?at_medium=RSS&at_campaign=KARANGA,"The home secretary says she is ""surging capacity"" as about 1% of 5,500 applications are granted."
TikTok limits services as Netflix pulls out of Russia,"Mon, 07 Mar 2022 00:11:59 GMT",https://www.bbc.co.uk/news/business-60641988,https://www.bbc.co.uk/news/business-60641988?at_medium=RSS&at_campaign=KARANGA,"TikTok suspends live streaming and new content from its platform, while Russians can no longer access Netflix."
"Covid: Fourth jab for Scotland's vulnerable, and testing wind down fears in Wales","Mon, 07 Mar 2022 07:46:30 GMT",https://www.bbc.co.uk/news/uk-60640975,https://www.bbc.co.uk/news/uk-60640975?at_medium=RSS&at_campaign=KARANGA,Five things you need to know about the coronavirus pandemic this Monday morning.
Protests across Russia see thousands detained,"Sun, 06 Mar 2022 23:23:59 GMT",https://www.bbc.co.uk/news/world-europe-60640204,https://www.bbc.co.uk/news/world-europe-60640204?at_medium=RSS&at_campaign=KARANGA,"People have been held in 53 cities, from St Petersburg in the west to Vladivostok in the east."
Ukraine conflict: Your guide to understanding day 11,"Sun, 06 Mar 2022 21:30:47 GMT",https://www.bbc.co.uk/news/world-europe-60640063,https://www.bbc.co.uk/news/world-europe-60640063?at_medium=RSS&at_campaign=KARANGA,More than 1.5 million Ukrainians have fled the country. Here's what you need to know after day 11 of the war.
Russian gymnast investigated for wearing pro-war symbol on podium next to Ukrainian,"Sun, 06 Mar 2022 20:10:43 GMT",https://www.bbc.co.uk/sport/gymnastics/60641891,https://www.bbc.co.uk/sport/gymnastics/60641891?at_medium=RSS&at_campaign=KARANGA,Russian gymnast Ivan Kuliak is being investigated after wearing a national war symbol on his leotard as he stood next to a Ukrainian rival on the podium in Qatar on Saturday.
"Ukraine: With placards and tears, Poles are greeting refugees like family","Sun, 06 Mar 2022 23:56:07 GMT",https://www.bbc.co.uk/news/world-europe-60641217,https://www.bbc.co.uk/news/world-europe-60641217?at_medium=RSS&at_campaign=KARANGA,"A Polish couple, messaged from Taiwan, have come to meet a Ukrainian refugee - welcome to Przemysl."
Twitter is part of our war effort - Ukraine minister,"Mon, 07 Mar 2022 00:02:15 GMT",https://www.bbc.co.uk/news/technology-60608222,https://www.bbc.co.uk/news/technology-60608222?at_medium=RSS&at_campaign=KARANGA,"Ukraine's youngest cabinet minister, 31-year-old Mykhailo Fedorov, is leading a cyber-battle against Russia."
Ukraine invasion: Volunteers 'working on autopilot',"Mon, 07 Mar 2022 00:01:07 GMT",https://www.bbc.co.uk/news/world-europe-60641870,https://www.bbc.co.uk/news/world-europe-60641870?at_medium=RSS&at_campaign=KARANGA,"Within hours of Russia’s invasion, all over Ukraine, volunteers offered their services."
Ukraine crisis: The West fights back against Putin the disruptor,"Sun, 06 Mar 2022 07:25:00 GMT",https://www.bbc.co.uk/news/world-us-canada-60597186,https://www.bbc.co.uk/news/world-us-canada-60597186?at_medium=RSS&at_campaign=KARANGA,Several US presidents have failed to get the measure of him but now Europe has joined the fray things may change.
"Mariupol: Fires, no water, and bodies in the street","Sun, 06 Mar 2022 09:26:59 GMT",https://www.bbc.co.uk/news/world-europe-60637338,https://www.bbc.co.uk/news/world-europe-60637338?at_medium=RSS&at_campaign=KARANGA,"Maxim, a 27-year-old city resident, tells the BBC what happened after the first ceasefire collapsed."
The young Ukrainians battling pro-Russian trolls,"Sun, 06 Mar 2022 00:19:21 GMT",https://www.bbc.co.uk/news/blogs-trending-60596133,https://www.bbc.co.uk/news/blogs-trending-60596133?at_medium=RSS&at_campaign=KARANGA,Conspiracy theories and trolls are adding to the chaos of war.
Ukraine maps: New agreed ceasefire breaks down in south,"Sun, 06 Mar 2022 14:10:23 GMT",https://www.bbc.co.uk/news/world-europe-60506682,https://www.bbc.co.uk/news/world-europe-60506682?at_medium=RSS&at_campaign=KARANGA,"A ceasefire agreement in the southern city of Mariupol, breaks down a second time, with both sides blaming each other."
Five ways the Ukraine war could push up prices,"Fri, 04 Mar 2022 22:09:49 GMT",https://www.bbc.co.uk/news/business-60509453,https://www.bbc.co.uk/news/business-60509453?at_medium=RSS&at_campaign=KARANGA,Prices for everyday items could go up at a time when the cost of living is already rising.
Ukraine: 'We try to tell them the truth' - parenting in wartime,"Sun, 06 Mar 2022 00:17:05 GMT",https://www.bbc.co.uk/news/world-europe-60632147,https://www.bbc.co.uk/news/world-europe-60632147?at_medium=RSS&at_campaign=KARANGA,"In Ukraine, families are having to adapt to being at war. But what do you tell the children?"
War in Ukraine: Russian helicopter shot down by missile,"Sat, 05 Mar 2022 12:26:02 GMT",https://www.bbc.co.uk/news/world-europe-60630352,https://www.bbc.co.uk/news/world-europe-60630352?at_medium=RSS&at_campaign=KARANGA,"The video, shared by Ukrainian armed forces, shows the helicopter being hit by a missile."
European peace seems as fragile as ever,"Sat, 05 Mar 2022 00:36:11 GMT",https://www.bbc.co.uk/news/world-60622772,https://www.bbc.co.uk/news/world-60622772?at_medium=RSS&at_campaign=KARANGA,"The shifting of European history's tectonic plates is not really that unexpected, explains Kevin Connolly."
"War in Ukraine: Russians on boycotts, sanctions and cancellations","Fri, 04 Mar 2022 18:17:55 GMT",https://www.bbc.co.uk/news/world-europe-60585720,https://www.bbc.co.uk/news/world-europe-60585720?at_medium=RSS&at_campaign=KARANGA,Russia is being hit by a global backlash after it invaded Ukraine. How does it feel to be shunned?
"Ukraine war: 'My city's being shelled, but mum won’t believe me'","Fri, 04 Mar 2022 18:32:49 GMT",https://www.bbc.co.uk/news/world-europe-60600487,https://www.bbc.co.uk/news/world-europe-60600487?at_medium=RSS&at_campaign=KARANGA,These Ukrainians say their Russian relatives only trust the narratives they see on TV at home.
Nuclear plant: How close was nuclear plant attack to catastrophe?,"Fri, 04 Mar 2022 19:32:49 GMT",https://www.bbc.co.uk/news/world-60609633,https://www.bbc.co.uk/news/world-60609633?at_medium=RSS&at_campaign=KARANGA,"After Russia seizes two nuclear plant sites, experts weigh the risk to Ukraine and the world at large."
Ukraine war: Why Kherson and Mariupol are key to Russian success,"Fri, 04 Mar 2022 12:54:25 GMT",https://www.bbc.co.uk/news/world-europe-60604876,https://www.bbc.co.uk/news/world-europe-60604876?at_medium=RSS&at_campaign=KARANGA,There are both strategic and historical reasons why the offensive in southern Ukraine is vital for Russia.
The Papers: 'Running for their lives' as terror 'rains down',"Mon, 07 Mar 2022 05:22:30 GMT",https://www.bbc.co.uk/news/blogs-the-papers-60642348,https://www.bbc.co.uk/news/blogs-the-papers-60642348?at_medium=RSS&at_campaign=KARANGA,Civilian attempts to flee Ukrainian cities being targeted by Russian forces lead Monday's papers.
Ukraine invasion: Military couple marry on the frontline,"Sun, 06 Mar 2022 19:00:39 GMT",https://www.bbc.co.uk/news/world-europe-60641868,https://www.bbc.co.uk/news/world-europe-60641868?at_medium=RSS&at_campaign=KARANGA,"Lesya and Valeri, both civil defence volunteers, tied the knot at a checkpoint near Kyiv."
Ukraine invasion: The children with cancer fleeing war at home,"Mon, 07 Mar 2022 00:02:05 GMT",https://www.bbc.co.uk/news/world-europe-60621253,https://www.bbc.co.uk/news/world-europe-60621253?at_medium=RSS&at_campaign=KARANGA,The NGO Herosi are trying to find places for the patients in medical care across Europe.
'They thought he was too young for heart disease',"Sun, 06 Mar 2022 09:14:03 GMT",https://www.bbc.co.uk/news/uk-england-cambridgeshire-60610329,https://www.bbc.co.uk/news/uk-england-cambridgeshire-60610329?at_medium=RSS&at_campaign=KARANGA,A mother whose son died from heart disease urges parents to know the signs and trust their instincts.
Zeebrugge: 'You had to cling on for your dear life',"Sun, 06 Mar 2022 00:19:31 GMT",https://www.bbc.co.uk/news/60608322,https://www.bbc.co.uk/news/60608322?at_medium=RSS&at_campaign=KARANGA,Lynette Lee survived the Zeebrugge ferry disaster 35 years ago - one that killed 193 people.
Belfast: The sounds of the city during Covid lockdowns,"Sun, 06 Mar 2022 00:27:54 GMT",https://www.bbc.co.uk/news/uk-northern-ireland-60601083,https://www.bbc.co.uk/news/uk-northern-ireland-60601083?at_medium=RSS&at_campaign=KARANGA,A student at Queen's University Belfast used his daily walks to record the sounds of Covid lockdowns.
Mandibuloacral dysplasia: 'You feel guilty not wanting her to get older',"Sun, 06 Mar 2022 00:23:18 GMT",https://www.bbc.co.uk/news/uk-england-leicestershire-60587020,https://www.bbc.co.uk/news/uk-england-leicestershire-60587020?at_medium=RSS&at_campaign=KARANGA,The parents of five-year-old Isla say she is the only child in the world with a rare condition.
Man in dinghy in near miss with Southampton-bound container ship,"Sun, 06 Mar 2022 17:11:51 GMT",https://www.bbc.co.uk/news/uk-england-hampshire-60639923,https://www.bbc.co.uk/news/uk-england-hampshire-60639923?at_medium=RSS&at_campaign=KARANGA,The moment a man swims out of the path of a container ship off Southampton is captured on a phone.
Why doesn't Ukraine attack the Russian convoy? And other questions,"Fri, 04 Mar 2022 18:04:14 GMT",https://www.bbc.co.uk/news/world-60617145,https://www.bbc.co.uk/news/world-60617145?at_medium=RSS&at_campaign=KARANGA,Correspondents and experts answer questions from readers on the BBC News website
The sophisticated tech predicting if an advert will work,"Mon, 07 Mar 2022 00:20:23 GMT",https://www.bbc.co.uk/news/business-60584596,https://www.bbc.co.uk/news/business-60584596?at_medium=RSS&at_campaign=KARANGA,"Ad-testing firms are using real-time software, webcams to find out if ads resonate with customers."
Roman fort survey near Melrose aims to unveil more secrets,"Sun, 06 Mar 2022 07:45:15 GMT",https://www.bbc.co.uk/news/uk-scotland-south-scotland-60602352,https://www.bbc.co.uk/news/uk-scotland-south-scotland-60602352?at_medium=RSS&at_campaign=KARANGA,Ground penetrating radar will give a clearer picture of the story of Trimontium in the Borders.
Russia oligarchs: The mega-rich men facing global sanctions,"Sat, 05 Mar 2022 00:34:34 GMT",https://www.bbc.co.uk/news/uk-60593022,https://www.bbc.co.uk/news/uk-60593022?at_medium=RSS&at_campaign=KARANGA,President Putin has for years warned Russia's richest to protect themselves against sanctions.
"From Grozny to Aleppo to Ukraine, Russia meets resistance with more firepower","Sat, 05 Mar 2022 16:37:11 GMT",https://www.bbc.co.uk/news/world-europe-60631433,https://www.bbc.co.uk/news/world-europe-60631433?at_medium=RSS&at_campaign=KARANGA,"Russia answers resistance with big guns and sieges. Ukrainians pray that will not happen to them, writes the BBC's Jeremy Bowen in Kyiv."
Jane Campion: Power of the Dog director thrilled with her Hollywood comeback,"Sun, 06 Mar 2022 00:13:54 GMT",https://www.bbc.co.uk/news/entertainment-arts-60562041,https://www.bbc.co.uk/news/entertainment-arts-60562041?at_medium=RSS&at_campaign=KARANGA,The award-winning director is championing women in Hollywood after a break away from the big screen.
BBC Ukrainian editor: 'My mother called to say she'd managed to buy bread',"Sun, 06 Mar 2022 01:02:02 GMT",https://www.bbc.co.uk/news/world-europe-60633888,https://www.bbc.co.uk/news/world-europe-60633888?at_medium=RSS&at_campaign=KARANGA,"In the second week of war, the BBC's Ukrainian editor says empty shelves are an increasing reality."
War in Ukraine: Russian invasion fuels Finnish support for Nato,"Sun, 06 Mar 2022 02:10:21 GMT",https://www.bbc.co.uk/news/world-europe-60626536,https://www.bbc.co.uk/news/world-europe-60626536?at_medium=RSS&at_campaign=KARANGA,President Putin's devastating attack on Ukraine leaves countries in the region worried about their future.
Identity: What does it mean to be Welsh?,"Sun, 06 Mar 2022 08:10:02 GMT",https://www.bbc.co.uk/news/uk-wales-60590685,https://www.bbc.co.uk/news/uk-wales-60590685?at_medium=RSS&at_campaign=KARANGA,"Two writers on being Welsh when your appearance does not ""match an accepted aesthetic of Welshness""."
Why Indian fathers are embracing paternity leave,"Sun, 06 Mar 2022 00:37:57 GMT",https://www.bbc.co.uk/news/world-asia-india-60491095,https://www.bbc.co.uk/news/world-asia-india-60491095?at_medium=RSS&at_campaign=KARANGA,The pandemic and changing family structures have highlighted how young parents are struggling with childcare.
'Either they're not good enough or they don't care' - pundits react to Man Utd's derby display,"Sun, 06 Mar 2022 20:22:45 GMT",https://www.bbc.co.uk/sport/football/60641764,https://www.bbc.co.uk/sport/football/60641764?at_medium=RSS&at_campaign=KARANGA,Manchester United legends savage the club's performance in their 4-1 derby defeat by Manchester City.
England bowler Robinson ruled out of first Test with back injury,"Sun, 06 Mar 2022 18:54:31 GMT",https://www.bbc.co.uk/sport/cricket/60617043,https://www.bbc.co.uk/sport/cricket/60617043?at_medium=RSS&at_campaign=KARANGA,England seam bowler Ollie Robinson has been ruled out of the first Test against West Indies with a back injury.
Who's got his club buzzing again? - Garth's Team of the Week,"Sun, 06 Mar 2022 22:36:21 GMT",https://www.bbc.co.uk/sport/football/60641470,https://www.bbc.co.uk/sport/football/60641470?at_medium=RSS&at_campaign=KARANGA,Who is a candidate for manager of the season? Who could play until he's 40? And who is back to their best? Find out in Garth Crooks' latest Team of the Week.
Welsh Open: Joe Perry beats Judd Trump to win title,"Sun, 06 Mar 2022 21:55:52 GMT",https://www.bbc.co.uk/sport/snooker/60632805,https://www.bbc.co.uk/sport/snooker/60632805?at_medium=RSS&at_campaign=KARANGA,Joe Perry beats Judd Trump 9-5 to win the Welsh Open title for the first time at Celtic Manor Resort in Newport.
GB ski pairings win two more Paralympic bronzes,"Mon, 07 Mar 2022 08:34:59 GMT",https://www.bbc.co.uk/sport/winter-sports/60643560,https://www.bbc.co.uk/sport/winter-sports/60643560?at_medium=RSS&at_campaign=KARANGA,Britain's Menna Fitzpatrick and Neil Simpson both win their second medals of the Beijing Winter Paralympics with super combined bronze.
'Man City prove a point to anyone who doubted them' - MOTD2 analysis,"Sun, 06 Mar 2022 22:30:32 GMT",https://www.bbc.co.uk/sport/football/60639745,https://www.bbc.co.uk/sport/football/60639745?at_medium=RSS&at_campaign=KARANGA,MOTD2 pundit Danny Murphy feels Manchester City played like they had a point to prove against Manchester United and their second-half performance was an emphatic statement to anyone who doubted them.
Covid-19 in the UK: How many coronavirus cases are there in my area?,"Fri, 04 Mar 2022 17:34:34 GMT",https://www.bbc.co.uk/news/uk-51768274,https://www.bbc.co.uk/news/uk-51768274?at_medium=RSS&at_campaign=KARANGA,Explore the data on coronavirus in the UK and find out how many cases there are in your area.
What are the UK's 'Living with Covid' plans?,"Fri, 04 Mar 2022 15:48:28 GMT",https://www.bbc.co.uk/news/explainers-52530518,https://www.bbc.co.uk/news/explainers-52530518?at_medium=RSS&at_campaign=KARANGA,"All legal Covid restrictions in England have ended, with Wales and Scotland also removing rules."
Covid: Five things we still need to keep an eye on,"Sat, 26 Feb 2022 00:50:33 GMT",https://www.bbc.co.uk/news/health-60494159,https://www.bbc.co.uk/news/health-60494159?at_medium=RSS&at_campaign=KARANGA,"The UK is moving to its ""living with Covid"" phase, but the virus still needs to be watched closely."
Covid boosters: Who will get a fourth dose?,"Wed, 02 Mar 2022 12:11:20 GMT",https://www.bbc.co.uk/news/health-55045639,https://www.bbc.co.uk/news/health-55045639?at_medium=RSS&at_campaign=KARANGA,"Care workers in England won't need to be vaccinated, and some people will get a fourth Covid jab."
What are the latest rules for face coverings and masks?,"Tue, 01 Mar 2022 09:53:08 GMT",https://www.bbc.co.uk/news/health-51205344,https://www.bbc.co.uk/news/health-51205344?at_medium=RSS&at_campaign=KARANGA,Rules around face coverings are easing across the UK but they are still required in some settings.
Covid: How to look after yourself at home,"Tue, 18 Jan 2022 12:46:56 GMT",https://www.bbc.co.uk/news/health-59683083,https://www.bbc.co.uk/news/health-59683083?at_medium=RSS&at_campaign=KARANGA,"What can you expect if you have Covid, and when should you get extra help?"
"Covid map: Coronavirus cases, deaths, vaccinations by country","Mon, 28 Feb 2022 12:08:00 GMT",https://www.bbc.co.uk/news/world-51235105,https://www.bbc.co.uk/news/world-51235105?at_medium=RSS&at_campaign=KARANGA,Key maps and charts explaining how the virus has spread around the world.
What are the self-isolation rules in England and the rest of the UK?,"Thu, 24 Feb 2022 11:05:57 GMT",https://www.bbc.co.uk/news/explainers-54239922,https://www.bbc.co.uk/news/explainers-54239922?at_medium=RSS&at_campaign=KARANGA,"People with Covid in England are no longer legally required to self-isolate, although it is still recommended."
When will free Covid tests end in England?,"Thu, 24 Feb 2022 13:06:04 GMT",https://www.bbc.co.uk/news/health-51943612,https://www.bbc.co.uk/news/health-51943612?at_medium=RSS&at_campaign=KARANGA,The government is scrapping free Covid tests for most people in England.
What Covid tests do I still need to travel abroad?,"Fri, 11 Feb 2022 09:47:28 GMT",https://www.bbc.co.uk/news/explainers-52544307,https://www.bbc.co.uk/news/explainers-52544307?at_medium=RSS&at_campaign=KARANGA,"From Friday, fully vaccinated people travelling to the UK no longer have to take any Covid tests."
How will the vulnerable be protected from Covid? And other questions,"Tue, 22 Feb 2022 15:25:22 GMT",https://www.bbc.co.uk/news/world-asia-china-51176409,https://www.bbc.co.uk/news/world-asia-china-51176409?at_medium=RSS&at_campaign=KARANGA,The government has announced the end of all Covid restrictions in England.
Ukraine conflict: Oil price soars to highest level since 2008,"Mon, 07 Mar 2022 09:00:31 GMT",https://www.bbc.co.uk/news/business-60642786,https://www.bbc.co.uk/news/business-60642786?at_medium=RSS&at_campaign=KARANGA,Consumers are feeling the impact of higher energy costs as fuel prices and household bills jump.
One dead after Scottish trawler capsizes off Norway,"Mon, 07 Mar 2022 08:59:37 GMT",https://www.bbc.co.uk/news/uk-scotland-60645898,https://www.bbc.co.uk/news/uk-scotland-60645898?at_medium=RSS&at_campaign=KARANGA,Seven crew members were rescued after the Peterhead-registered Njord got into difficulty in the North Sea.
Ukraine: Irish medical student 'blocking out dangers' in Sumy,"Mon, 07 Mar 2022 06:59:12 GMT",https://www.bbc.co.uk/news/world-europe-60638895,https://www.bbc.co.uk/news/world-europe-60638895?at_medium=RSS&at_campaign=KARANGA,A 19-year-old Irish woman is among hundreds of international students taking cover in Sumy.
Northumberland shooting star caught on one-in-million photo,"Mon, 07 Mar 2022 08:44:44 GMT",https://www.bbc.co.uk/news/uk-england-tyne-60644301,https://www.bbc.co.uk/news/uk-england-tyne-60644301?at_medium=RSS&at_campaign=KARANGA,The family were posing for a photo when a shooting star shot through the background.
One dead after Scottish trawler capsizes off Norway,"Mon, 07 Mar 2022 09:26:29 GMT",https://www.bbc.co.uk/news/uk-scotland-60645898,https://www.bbc.co.uk/news/uk-scotland-60645898?at_medium=RSS&at_campaign=KARANGA,Three crew members were airlifted to hospital after the Peterhead-registered Njord got into difficulty.
Ukraine invasion: Military couple marry on the front line,"Sun, 06 Mar 2022 19:00:39 GMT",https://www.bbc.co.uk/news/world-europe-60641868,https://www.bbc.co.uk/news/world-europe-60641868?at_medium=RSS&at_campaign=KARANGA,"Lesya and Valeri, both civil defence volunteers, tied the knot at a check-point near Kyiv."
Ukraine conflict: Oil and gas prices soar as shares plunge,"Mon, 07 Mar 2022 10:10:16 GMT",https://www.bbc.co.uk/news/business-60642786,https://www.bbc.co.uk/news/business-60642786?at_medium=RSS&at_campaign=KARANGA,Investors fear global economic shock as West considers ban on buying Russian energy.
Ukraine war: PM to hold talks with world leaders on further sanctions,"Mon, 07 Mar 2022 09:56:04 GMT",https://www.bbc.co.uk/news/uk-60642926,https://www.bbc.co.uk/news/uk-60642926?at_medium=RSS&at_campaign=KARANGA,"Boris Johnson is to meet the Canadian and Dutch PMs, as the UK's refugee policy comes under scrutiny."
One dead after Scottish trawler capsizes off Norway,"Mon, 07 Mar 2022 09:50:30 GMT",https://www.bbc.co.uk/news/uk-scotland-60645898,https://www.bbc.co.uk/news/uk-scotland-60645898?at_medium=RSS&at_campaign=KARANGA,Three crew members were airlifted to hospital after the Peterhead-registered Njord got into difficulty.
Shane Warne: Australian cricket legend died from natural causes - police,"Mon, 07 Mar 2022 09:57:00 GMT",https://www.bbc.co.uk/news/world-asia-60645939,https://www.bbc.co.uk/news/world-asia-60645939?at_medium=RSS&at_campaign=KARANGA,Thai police say there's no sign of foul play in the cricketer's death while on holiday on Koh Samui.
'Phil Foden sets the tempo' - how Man City 'steamrollered' Man Utd,"Mon, 07 Mar 2022 00:00:05 GMT",https://www.bbc.co.uk/sport/av/football/60642718,https://www.bbc.co.uk/sport/av/football/60642718?at_medium=RSS&at_campaign=KARANGA,Match of the Day 2's Danny Murphy and Troy Deeney analyse how the combination play between Phil Foden and Kevin de Bruyne helped Manchester City beat Manchester United 4-1.
Women's World Cup: Bates stars as New Zealand thrash Bangladesh,"Mon, 07 Mar 2022 06:57:04 GMT",https://www.bbc.co.uk/sport/av/cricket/60644542,https://www.bbc.co.uk/sport/av/cricket/60644542?at_medium=RSS&at_campaign=KARANGA,Suzie Bates hits 79 not out on her home ground to lead New Zealand to a nine-wicket victory over Bangladesh at the Women's World Cup.
Ukraine conflict: Shares slide as oil and gas prices soar,"Mon, 07 Mar 2022 11:32:38 GMT",https://www.bbc.co.uk/news/business-60642786,https://www.bbc.co.uk/news/business-60642786?at_medium=RSS&at_campaign=KARANGA,"Investors fear global economic shock, with rising petrol and energy bills causing more pain for households."
Ukraine war: PM to hold talks with world leaders on further sanctions,"Mon, 07 Mar 2022 11:45:52 GMT",https://www.bbc.co.uk/news/uk-60642926,https://www.bbc.co.uk/news/uk-60642926?at_medium=RSS&at_campaign=KARANGA,"Boris Johnson is to meet the Canadian and Dutch PMs, as the UK's refugee policy comes under scrutiny."
One dead after Scottish trawler capsizes off Norway,"Mon, 07 Mar 2022 11:47:58 GMT",https://www.bbc.co.uk/news/uk-scotland-60645898,https://www.bbc.co.uk/news/uk-scotland-60645898?at_medium=RSS&at_campaign=KARANGA,He was one of three crew members airlifted to hospital after they were found on the keel of the boat.
Shane Warne: Australian cricket legend died from natural causes - police,"Mon, 07 Mar 2022 11:26:47 GMT",https://www.bbc.co.uk/news/world-asia-60645939,https://www.bbc.co.uk/news/world-asia-60645939?at_medium=RSS&at_campaign=KARANGA,Thai police say there's no sign of foul play in the cricketer's death while on holiday on Koh Samui.
Russian gymnast Ivan Kuliak investigated for wearing pro-war symbol on podium next to Ukrainian,"Sun, 06 Mar 2022 20:10:43 GMT",https://www.bbc.co.uk/sport/gymnastics/60641891,https://www.bbc.co.uk/sport/gymnastics/60641891?at_medium=RSS&at_campaign=KARANGA,Russian gymnast Ivan Kuliak is being investigated after wearing a national war symbol on his leotard as he stood next to a Ukrainian rival on the podium in Qatar on Saturday.
A small Ukrainian city becomes a waypoint for thousands on the move,"Mon, 07 Mar 2022 10:53:21 GMT",https://www.bbc.co.uk/news/world-europe-60645126,https://www.bbc.co.uk/news/world-europe-60645126?at_medium=RSS&at_campaign=KARANGA,"At the central train station in Lviv, many thousands arrive after fleeing bombed out cities further east."
How many refugees have fled Ukraine and where are they going?,"Mon, 07 Mar 2022 10:04:55 GMT",https://www.bbc.co.uk/news/world-60555472,https://www.bbc.co.uk/news/world-60555472?at_medium=RSS&at_campaign=KARANGA,The EU says up to four million people may try to escape the war in Ukraine.
Ukraine: Irish medical student 'blocking out dangers' in Sumy,"Mon, 07 Mar 2022 10:30:54 GMT",https://www.bbc.co.uk/news/world-europe-60638895,https://www.bbc.co.uk/news/world-europe-60638895?at_medium=RSS&at_campaign=KARANGA,A 19-year-old Irish woman living in Sumy is making an attempt to leave the city amid Russian attacks.
Ukraine: India doctor stranded with a jaguar and panther,"Mon, 07 Mar 2022 04:48:02 GMT",https://www.bbc.co.uk/news/world-asia-india-60637980,https://www.bbc.co.uk/news/world-asia-india-60637980?at_medium=RSS&at_campaign=KARANGA,"Girikumar Patil, who bought two big cats, said he will not leave home without his pets."
WSL highlights: Arsenal survive scare to beat Birmingham and extend WSL lead,"Sun, 06 Mar 2022 15:28:03 GMT",https://www.bbc.co.uk/sport/av/football/60639547,https://www.bbc.co.uk/sport/av/football/60639547?at_medium=RSS&at_campaign=KARANGA,Vivianne Miedema becomes the first player to reach 100 Women's Super League goal contributions as leaders Arsenal see off a late Birmingham charge to win 4-2 at Meadow Park.
Blue and yellow flowers as Queen meets Trudeau,"Mon, 07 Mar 2022 16:01:05 GMT",https://www.bbc.co.uk/news/uk-60650285,https://www.bbc.co.uk/news/uk-60650285?at_medium=RSS&at_campaign=KARANGA,The Queen returns to in-person meetings with what appears to be a subtle show of support for Ukraine.
Ukraine conflict: Petrol at fresh record as oil and gas prices soar,"Mon, 07 Mar 2022 15:47:46 GMT",https://www.bbc.co.uk/news/business-60642786,https://www.bbc.co.uk/news/business-60642786?at_medium=RSS&at_campaign=KARANGA,"Investors fear a global economic shock, with rising fuel bills causing more pain for households."
Lynda Baron: Open All Hours actress dies aged 82,"Mon, 07 Mar 2022 16:04:18 GMT",https://www.bbc.co.uk/news/entertainment-arts-60647760,https://www.bbc.co.uk/news/entertainment-arts-60647760?at_medium=RSS&at_campaign=KARANGA,The actress played Nurse Gladys Emmanuel opposite Ronnie Barker and Sir David Jason in the sitcom.
Ed Sheeran denies Shape of You copyright claim at High Court trial,"Mon, 07 Mar 2022 13:41:32 GMT",https://www.bbc.co.uk/news/entertainment-arts-60648263,https://www.bbc.co.uk/news/entertainment-arts-60648263?at_medium=RSS&at_campaign=KARANGA,The pop singer is accused by two songwriters of copying parts of his 2017 hit Shape Of You.
Dizzee Rascal: Grime artist guilty of assaulting former partner,"Mon, 07 Mar 2022 16:18:45 GMT",https://www.bbc.co.uk/news/uk-england-london-60653545,https://www.bbc.co.uk/news/uk-england-london-60653545?at_medium=RSS&at_campaign=KARANGA,The grime artist was found guilty of assaulting his former partner in London last year.
Ukraine war: PM holds talks with Canadian and Dutch PMs over more sanctions,"Mon, 07 Mar 2022 15:49:31 GMT",https://www.bbc.co.uk/news/uk-60642926,https://www.bbc.co.uk/news/uk-60642926?at_medium=RSS&at_campaign=KARANGA,"Boris Johnson calls for more support for Ukraine, amid scrutiny of the UK's refugee policy."
One dead after trawler which sailed from Peterhead capsizes off Norway,"Mon, 07 Mar 2022 15:26:57 GMT",https://www.bbc.co.uk/news/uk-scotland-60645898,https://www.bbc.co.uk/news/uk-scotland-60645898?at_medium=RSS&at_campaign=KARANGA,Three crew were flown to hospital after being found on the keel of the boat which sailed from Peterhead.
Baby killed in suspected dog attack at Ostler's Plantation,"Mon, 07 Mar 2022 15:37:18 GMT",https://www.bbc.co.uk/news/uk-england-lincolnshire-60649825,https://www.bbc.co.uk/news/uk-england-lincolnshire-60649825?at_medium=RSS&at_campaign=KARANGA,A man and woman are arrested on suspicion of a dangerous dogs offence after a three-month-old dies.
Scans reveal how Covid may change the brain,"Mon, 07 Mar 2022 16:00:06 GMT",https://www.bbc.co.uk/news/health-60591487,https://www.bbc.co.uk/news/health-60591487?at_medium=RSS&at_campaign=KARANGA,"Even after a mild infection, the overall size of the brain had shrunk, researchers found."
Corrie Mckeague would binge-drink after friend's death - inquest,"Mon, 07 Mar 2022 13:51:51 GMT",https://www.bbc.co.uk/news/uk-england-suffolk-60647946,https://www.bbc.co.uk/news/uk-england-suffolk-60647946?at_medium=RSS&at_campaign=KARANGA,An inquest is being held after Corrie Mckeague vanished after a night out in Suffolk.
Chaos and tears as thousands try to catch a train out of Ukraine,"Mon, 07 Mar 2022 10:53:21 GMT",https://www.bbc.co.uk/news/world-europe-60645126,https://www.bbc.co.uk/news/world-europe-60645126?at_medium=RSS&at_campaign=KARANGA,"At the central train station in Lviv, many thousands arrive after fleeing bombed out cities further east."
"Ukraine maps: Ukraine says Russian ceasefire offer ""immoral""","Mon, 07 Mar 2022 12:34:23 GMT",https://www.bbc.co.uk/news/world-europe-60506682,https://www.bbc.co.uk/news/world-europe-60506682?at_medium=RSS&at_campaign=KARANGA,"Russia says it will offer civilians an evacuation route, but only to territory in Russia and Belarus."
How many refugees have fled Ukraine and where are they going?,"Mon, 07 Mar 2022 15:04:02 GMT",https://www.bbc.co.uk/news/world-60555472,https://www.bbc.co.uk/news/world-60555472?at_medium=RSS&at_campaign=KARANGA,The UN says four million people may try to escape the war in Ukraine.
Five ways the Ukraine war could push up prices,"Mon, 07 Mar 2022 12:22:42 GMT",https://www.bbc.co.uk/news/business-60509453,https://www.bbc.co.uk/news/business-60509453?at_medium=RSS&at_campaign=KARANGA,Prices for everyday items could go up at a time when the cost of living is already rising.
Ukraine: Irish student makes fresh escape attempt,"Mon, 07 Mar 2022 15:44:10 GMT",https://www.bbc.co.uk/news/world-europe-60638895,https://www.bbc.co.uk/news/world-europe-60638895?at_medium=RSS&at_campaign=KARANGA,A 19-year-old Irish woman living in Sumy is trying to leave the country amid Russian attacks.
Economic Crime Bill: What is it and will it find Putin's loot?,"Thu, 03 Mar 2022 17:17:00 GMT",https://www.bbc.co.uk/news/uk-60579997,https://www.bbc.co.uk/news/uk-60579997?at_medium=RSS&at_campaign=KARANGA,"Will the Economic Crime Bill really tackle Putin's money - or is it too little, too late?"
Doctors call on Wales not to pick Francis following head injury against England,"Mon, 07 Mar 2022 15:02:21 GMT",https://www.bbc.co.uk/sport/rugby-union/60640946,https://www.bbc.co.uk/sport/rugby-union/60640946?at_medium=RSS&at_campaign=KARANGA,"The decision to declare Wales prop Tomas Francis fit to face France in the Six Nations in Cardiff on Friday has been described as a ""grave mistake""."
Henderson back in Ireland squad to face England but Larmour out for rest of Six Nations,"Mon, 07 Mar 2022 10:46:12 GMT",https://www.bbc.co.uk/sport/rugby-union/60646632,https://www.bbc.co.uk/sport/rugby-union/60646632?at_medium=RSS&at_campaign=KARANGA,Iain Henderson is back in Ireland's squad for the Six Nations game against England but Jordan Larmour will miss the rest of the tournament.
"Six Nations 2022: Gray, Hastings, Young & Thompson added to Scotland squad","Mon, 07 Mar 2022 13:58:32 GMT",https://www.bbc.co.uk/sport/rugby-union/60650452,https://www.bbc.co.uk/sport/rugby-union/60650452?at_medium=RSS&at_campaign=KARANGA,"Jonny Gray, Adam Hastings and two others join the Scotland squad before Saturday's Six Nations meeting with Italy in Rome."
"'If you have it, flaunt it' - West Indies icon Richards at 70 talks cricket style, friendship with Lord Botham and standing up to racism","Mon, 07 Mar 2022 14:47:13 GMT",https://www.bbc.co.uk/sport/cricket/60649141,https://www.bbc.co.uk/sport/cricket/60649141?at_medium=RSS&at_campaign=KARANGA,"Former West Indies captain Sir Viv Richards, one of the greatest batters of all time, speaks to BBC Sport on his 70th birthday."
Russian gymnast investigated for wearing pro-war symbol,"Sun, 06 Mar 2022 20:10:43 GMT",https://www.bbc.co.uk/sport/gymnastics/60641891,https://www.bbc.co.uk/sport/gymnastics/60641891?at_medium=RSS&at_campaign=KARANGA,Russian gymnast Ivan Kuliak is being investigated after wearing a national war symbol on his leotard as he stood next to a Ukrainian rival on the podium in Qatar on Saturday.
"Warne died from natural causes, Thai police say","Mon, 07 Mar 2022 11:26:47 GMT",https://www.bbc.co.uk/news/world-asia-60645939,https://www.bbc.co.uk/news/world-asia-60645939?at_medium=RSS&at_campaign=KARANGA,Thai police say there's no sign of foul play in the cricketer's death while on holiday on Koh Samui.
"War in Ukraine: 'It's hell, it's really hell' - Families flee bombs in Irpin","Mon, 07 Mar 2022 16:22:24 GMT",https://www.bbc.co.uk/news/world-europe-60651801,https://www.bbc.co.uk/news/world-europe-60651801?at_medium=RSS&at_campaign=KARANGA,"Silent and weeping, a stream of civilians with backpacks try to outpace the Russian shells."
Ukraine: Volodymyr Zelensky to address UK MPs in Commons,"Mon, 07 Mar 2022 21:23:25 GMT",https://www.bbc.co.uk/news/uk-politics-60655003,https://www.bbc.co.uk/news/uk-politics-60655003?at_medium=RSS&at_campaign=KARANGA,The Ukrainian president will speak via video link to British politicians on Tuesday.
Blue and yellow flowers as Queen meets Trudeau,"Mon, 07 Mar 2022 17:36:58 GMT",https://www.bbc.co.uk/news/uk-60650285,https://www.bbc.co.uk/news/uk-60650285?at_medium=RSS&at_campaign=KARANGA,The Queen returns to in-person meetings with what appears to be a subtle show of support for Ukraine.
Ukraine conflict: Petrol at fresh record as oil and gas prices soar,"Mon, 07 Mar 2022 16:48:24 GMT",https://www.bbc.co.uk/news/business-60642786,https://www.bbc.co.uk/news/business-60642786?at_medium=RSS&at_campaign=KARANGA,"Investors fear a global economic shock, with rising fuel bills causing more pain for households."
Lynda Baron: Open All Hours and Come Outside actress dies aged 82,"Mon, 07 Mar 2022 17:35:18 GMT",https://www.bbc.co.uk/news/entertainment-arts-60647760,https://www.bbc.co.uk/news/entertainment-arts-60647760?at_medium=RSS&at_campaign=KARANGA,"The actress played Nurse Gladys Emmanuel in the sitcom, and appeared in Come Outside and EastEnders."
Ukraine war: Boris Johnson defends refugee response after visa criticism,"Mon, 07 Mar 2022 20:30:09 GMT",https://www.bbc.co.uk/news/uk-60645711,https://www.bbc.co.uk/news/uk-60645711?at_medium=RSS&at_campaign=KARANGA,"Boris Johnson says the UK will be ""very generous"" - but is facing calls to help more people fleeing."
Dizzee Rascal: Grime artist guilty of assaulting former partner,"Mon, 07 Mar 2022 20:59:22 GMT",https://www.bbc.co.uk/news/uk-england-london-60653545,https://www.bbc.co.uk/news/uk-england-london-60653545?at_medium=RSS&at_campaign=KARANGA,The grime artist was found guilty of assaulting his former partner in London last year.
Ed Sheeran denies Shape of You copyright claim at High Court trial,"Mon, 07 Mar 2022 17:14:20 GMT",https://www.bbc.co.uk/news/entertainment-arts-60648263,https://www.bbc.co.uk/news/entertainment-arts-60648263?at_medium=RSS&at_campaign=KARANGA,The pop singer is accused by two songwriters of copying parts of his 2017 hit Shape Of You.
McDonald's and Coca-Cola boycott calls grow over Russia,"Mon, 07 Mar 2022 17:55:35 GMT",https://www.bbc.co.uk/news/business-60649214,https://www.bbc.co.uk/news/business-60649214?at_medium=RSS&at_campaign=KARANGA,Food and drink giants have been criticised on social media for failing to speak out on Ukraine's invasion.
Ukraine war: PM calls for 'step-by-step' move from Russian fuel,"Mon, 07 Mar 2022 20:07:19 GMT",https://www.bbc.co.uk/news/uk-60642926,https://www.bbc.co.uk/news/uk-60642926?at_medium=RSS&at_campaign=KARANGA,"Meanwhile, the German chancellor says there is no alternative to Russian supplies at the moment."
"Iowa tornadoes: Seven people killed, including two children","Mon, 07 Mar 2022 20:01:42 GMT",https://www.bbc.co.uk/news/world-us-canada-60655723,https://www.bbc.co.uk/news/world-us-canada-60655723?at_medium=RSS&at_campaign=KARANGA,Seven people are dead after tornadoes packing winds of up to 138 mph (222kph) tore through Iowa.
Ukraine conflict: Your guide to understanding day 12,"Mon, 07 Mar 2022 20:06:29 GMT",https://www.bbc.co.uk/news/world-europe-60651973,https://www.bbc.co.uk/news/world-europe-60651973?at_medium=RSS&at_campaign=KARANGA,Russia is still bombarding cities despite offering escape routes. Here's your guide to day 12 of the war.
Why has 'Z' become a Russian pro-war symbol?,"Mon, 07 Mar 2022 16:59:12 GMT",https://www.bbc.co.uk/news/world-europe-60644832,https://www.bbc.co.uk/news/world-europe-60644832?at_medium=RSS&at_campaign=KARANGA,"In Russia, the 'Z' is fast becoming seen as a staunchly pro-war symbol - what does it mean?"
Ukraine war: Chernobyl workers' 12-day ordeal under Russian guard,"Mon, 07 Mar 2022 19:40:11 GMT",https://www.bbc.co.uk/news/world-europe-60638949,https://www.bbc.co.uk/news/world-europe-60638949?at_medium=RSS&at_campaign=KARANGA,"The nuclear power plant was seized on day one of Russia's invasion, and workers have not left since."
Ukrainians on way to UK hit paperwork dead-end in Calais,"Mon, 07 Mar 2022 16:52:24 GMT",https://www.bbc.co.uk/news/uk-60652914,https://www.bbc.co.uk/news/uk-60652914?at_medium=RSS&at_campaign=KARANGA,"""No visa for at least another week,"" said Misha, simply. ""No-one can help us in Calais."""
How many refugees have fled Ukraine and where are they going?,"Mon, 07 Mar 2022 17:22:16 GMT",https://www.bbc.co.uk/news/world-60555472,https://www.bbc.co.uk/news/world-60555472?at_medium=RSS&at_campaign=KARANGA,The UN says four million people may try to escape the war in Ukraine.
Family separated by war in Ukraine finally reunited,"Mon, 07 Mar 2022 18:13:27 GMT",https://www.bbc.co.uk/news/world-europe-60621254,https://www.bbc.co.uk/news/world-europe-60621254?at_medium=RSS&at_campaign=KARANGA,"Rita and her children were trapped in Ukraine when Russia invaded. After spending a week in their basement, they've finally been reunited with Rita's husband and their father Andy."
Servant of the People: 'Zelensky's comedy made me admire him more',"Mon, 07 Mar 2022 16:52:37 GMT",https://www.bbc.co.uk/news/newsbeat-60647206,https://www.bbc.co.uk/news/newsbeat-60647206?at_medium=RSS&at_campaign=KARANGA,The show where Zelensky's character becomes the unlikely president of Ukraine is airing in the UK.
Ukraine: Irish student makes fresh escape attempt,"Mon, 07 Mar 2022 18:19:02 GMT",https://www.bbc.co.uk/news/world-europe-60638895,https://www.bbc.co.uk/news/world-europe-60638895?at_medium=RSS&at_campaign=KARANGA,A 19-year-old Irish woman living in Sumy is trying to leave the country amid Russian attacks.
"Mercedes bullying led to Masi's removal as F1 race director, says Red Bull's Horner","Mon, 07 Mar 2022 16:37:40 GMT",https://www.bbc.co.uk/sport/formula1/60651647,https://www.bbc.co.uk/sport/formula1/60651647?at_medium=RSS&at_campaign=KARANGA,"Red Bull team principal Christian Horner accuses rivals Mercedes of ""bullying"" behaviour resulting in the removal of race director Michael Masi."
Man Utd players want manager clarity amid uncertainty,"Mon, 07 Mar 2022 19:56:22 GMT",https://www.bbc.co.uk/sport/football/60651899,https://www.bbc.co.uk/sport/football/60651899?at_medium=RSS&at_campaign=KARANGA,Manchester United's players are becoming increasingly concerned at the managerial void at Old Trafford as their season continues to unravel.
Lynagh withdraws from England squad after positive Covid-19 test,"Mon, 07 Mar 2022 20:32:15 GMT",https://www.bbc.co.uk/sport/rugby-union/60655676,https://www.bbc.co.uk/sport/rugby-union/60655676?at_medium=RSS&at_campaign=KARANGA,Louis Lynagh withdraws from the England squad before Saturday's Six Nations meeting with Ireland following a positive test for Covid-19.
Covid-19 in the UK: How many coronavirus cases are there in my area?,"Mon, 07 Mar 2022 17:43:34 GMT",https://www.bbc.co.uk/news/uk-51768274,https://www.bbc.co.uk/news/uk-51768274?at_medium=RSS&at_campaign=KARANGA,Explore the data on coronavirus in the UK and find out how many cases there are in your area.
War in Ukraine: Russia says it may cut gas supplies if oil ban goes ahead,"Tue, 08 Mar 2022 06:26:55 GMT",https://www.bbc.co.uk/news/business-60656673,https://www.bbc.co.uk/news/business-60656673?at_medium=RSS&at_campaign=KARANGA,A top official says Russia may close its gas lines to Germany if the West halts oil imports.
Ukraine: Volodymyr Zelensky to address UK MPs in Commons,"Tue, 08 Mar 2022 06:54:21 GMT",https://www.bbc.co.uk/news/uk-politics-60655003,https://www.bbc.co.uk/news/uk-politics-60655003?at_medium=RSS&at_campaign=KARANGA,The Ukrainian president will speak via video link to British politicians on Tuesday.
"Ukraine war: 300 Ukrainians get visas via new scheme, says UK","Tue, 08 Mar 2022 07:05:47 GMT",https://www.bbc.co.uk/news/uk-60655788,https://www.bbc.co.uk/news/uk-60655788?at_medium=RSS&at_campaign=KARANGA,"It is an increase on the 50 previously announced, and thousands more are being processed."
Cost of living: Warning UK faces biggest income squeeze in nearly 50 years,"Tue, 08 Mar 2022 06:56:35 GMT",https://www.bbc.co.uk/news/business-60649217,https://www.bbc.co.uk/news/business-60649217?at_medium=RSS&at_campaign=KARANGA,"The war in Ukraine will lead to an even tighter squeeze on living standards this spring, a think tank says."
Government rescue of Bulb Energy set to cost taxpayers billions more,"Tue, 08 Mar 2022 00:12:16 GMT",https://www.bbc.co.uk/news/business-60653751,https://www.bbc.co.uk/news/business-60653751?at_medium=RSS&at_campaign=KARANGA,"A buyer hasn't been found for the ailing supplier, so the the taxpayer will have to keep funding it."
"Amazon rainforest reaching tipping point, researchers say","Tue, 08 Mar 2022 01:06:46 GMT",https://www.bbc.co.uk/news/science-environment-60650415,https://www.bbc.co.uk/news/science-environment-60650415?at_medium=RSS&at_campaign=KARANGA,"The world's largest rainforest is fast losing its ability to bounce back from human impacts, researchers say."
War in Ukraine: Crisis is unleashing 'hell on earth' for food prices,"Tue, 08 Mar 2022 00:11:48 GMT",https://www.bbc.co.uk/news/business-60653856,https://www.bbc.co.uk/news/business-60653856?at_medium=RSS&at_campaign=KARANGA,"The Ukraine war could push millions closer to starvation, the boss of the World Food Programme says."
Public sexual harassment: PM urged to ‘step up’ on women’s safety,"Tue, 08 Mar 2022 01:26:13 GMT",https://www.bbc.co.uk/news/uk-60523422,https://www.bbc.co.uk/news/uk-60523422?at_medium=RSS&at_campaign=KARANGA,A survey for the BBC suggests 43% of women have experienced unwelcome touching in public.
"Covid vaccines not linked to deaths, major US study finds","Tue, 08 Mar 2022 01:17:50 GMT",https://www.bbc.co.uk/news/health-60653946,https://www.bbc.co.uk/news/health-60653946?at_medium=RSS&at_campaign=KARANGA,The CDC says 92% of reported side effects after the Pfizer and Moderna vaccines are mild.
War in Ukraine: Five times Russians have stood up for Ukraine,"Mon, 07 Mar 2022 20:43:06 GMT",https://www.bbc.co.uk/news/world-europe-60645236,https://www.bbc.co.uk/news/world-europe-60645236?at_medium=RSS&at_campaign=KARANGA,"Videos from social media show some Russian citizens, at home and abroad, protesting the war in Ukraine."
War in Ukraine: World Bank approves $723m financial package,"Tue, 08 Mar 2022 01:58:44 GMT",https://www.bbc.co.uk/news/business-60657127,https://www.bbc.co.uk/news/business-60657127?at_medium=RSS&at_campaign=KARANGA,The package of financial support for Ukraine includes a $100m pledge from the UK.
McDonald's and Coca-Cola boycott calls grow over Russia,"Tue, 08 Mar 2022 07:26:15 GMT",https://www.bbc.co.uk/news/business-60649214,https://www.bbc.co.uk/news/business-60649214?at_medium=RSS&at_campaign=KARANGA,Food and drink giants have been criticised on social media for failing to speak out on Ukraine's invasion.
"Chaos, upheaval and exhaustion for Ukraine's disabled children","Tue, 08 Mar 2022 01:39:31 GMT",https://www.bbc.co.uk/news/world-europe-60648735,https://www.bbc.co.uk/news/world-europe-60648735?at_medium=RSS&at_campaign=KARANGA,The BBC's Fergal Keane travels on a bus with disabled children fleeing the bombed city of Kharkiv.
Ukraine invasion: False claims the war is a hoax go viral,"Tue, 08 Mar 2022 01:42:20 GMT",https://www.bbc.co.uk/news/60589965,https://www.bbc.co.uk/news/60589965?at_medium=RSS&at_campaign=KARANGA,False claims have been spreading that the Ukraine war is a hoax and that actors have been involved in staging events.
The Papers: Putin's 'cynical' refugee offer and UK urged to help,"Tue, 08 Mar 2022 05:16:40 GMT",https://www.bbc.co.uk/news/blogs-the-papers-60656293,https://www.bbc.co.uk/news/blogs-the-papers-60656293?at_medium=RSS&at_campaign=KARANGA,The growing humanitarian crisis in Ukraine and soaring energy prices lead Tuesday's front pages.
War in Ukraine: Live-streaming music from a Kharkiv basement,"Tue, 08 Mar 2022 06:38:26 GMT",https://www.bbc.co.uk/news/world-europe-60654573,https://www.bbc.co.uk/news/world-europe-60654573?at_medium=RSS&at_campaign=KARANGA,"Alex's house was destroyed by shelling, and he and his bandmates are sheltering in their basement studio."
Vera Wang: I find ageism so old-fashioned,"Tue, 08 Mar 2022 00:01:55 GMT",https://www.bbc.co.uk/news/world-us-canada-60651587,https://www.bbc.co.uk/news/world-us-canada-60651587?at_medium=RSS&at_campaign=KARANGA,Designer and fashion icon Vera Wang speaks about ageism and her experience of going viral at 72.
"Turning Red: Killing Eve's Sandra Oh on celebrating Pixar, puberty and periods","Tue, 08 Mar 2022 00:34:25 GMT",https://www.bbc.co.uk/news/entertainment-arts-60493614,https://www.bbc.co.uk/news/entertainment-arts-60493614?at_medium=RSS&at_campaign=KARANGA,The Killing Eve star reveals why she jumped at the chance to join Pixar's latest film Turning Red.
Ukraine: Documenting the war on TikTok,"Tue, 08 Mar 2022 00:12:47 GMT",https://www.bbc.co.uk/news/world-europe-60656613,https://www.bbc.co.uk/news/world-europe-60656613?at_medium=RSS&at_campaign=KARANGA,Valerisssh has posted videos online of her standing outside shelled buildings.
Ukraine: Irish student makes fresh escape attempt,"Mon, 07 Mar 2022 22:50:00 GMT",https://www.bbc.co.uk/news/world-europe-60638895,https://www.bbc.co.uk/news/world-europe-60638895?at_medium=RSS&at_campaign=KARANGA,A 19-year-old Irish woman living in Sumy is trying to leave the country amid Russian attacks.
Femicide detectives: 'Counting bodies is the best place to start',"Tue, 08 Mar 2022 01:27:55 GMT",https://www.bbc.co.uk/news/world-60653099,https://www.bbc.co.uk/news/world-60653099?at_medium=RSS&at_campaign=KARANGA,Many countries do not record femicide - the most extreme form of gender-based violence - so activists are doing it themselves.
Why misogyny is at the heart of South Korea's presidential elections,"Tue, 08 Mar 2022 00:23:44 GMT",https://www.bbc.co.uk/news/world-asia-60643446,https://www.bbc.co.uk/news/world-asia-60643446?at_medium=RSS&at_campaign=KARANGA,Disgruntled young men who resent feminism are the focus of candidates vying to be president.
I've cut out energy drinks now mum's given me a kidney,"Tue, 08 Mar 2022 06:20:06 GMT",https://www.bbc.co.uk/news/uk-scotland-edinburgh-east-fife-60617800,https://www.bbc.co.uk/news/uk-scotland-edinburgh-east-fife-60617800?at_medium=RSS&at_campaign=KARANGA,Elaine Horne donated a kidney to her 23-year-old son Luke after he almost died from kidney failure.
Can tech help revive India's 'crumbling' health system?,"Mon, 07 Mar 2022 23:46:17 GMT",https://www.bbc.co.uk/news/business-60506228,https://www.bbc.co.uk/news/business-60506228?at_medium=RSS&at_campaign=KARANGA,Indian doctors hope big investment and smart tech will improve a fragmented healthcare sector.
Ukraine: Small and big ways in which people in the UK are helping out,"Tue, 08 Mar 2022 00:40:09 GMT",https://www.bbc.co.uk/news/uk-60630054,https://www.bbc.co.uk/news/uk-60630054?at_medium=RSS&at_campaign=KARANGA,BBC Radio 4's Today listeners share their ideas for ways to help Ukrainians in their time of need.
Scotland's World Cup play-off against Ukraine postponed,"Mon, 07 Mar 2022 23:34:40 GMT",https://www.bbc.co.uk/sport/football/60650445,https://www.bbc.co.uk/sport/football/60650445?at_medium=RSS&at_campaign=KARANGA,"Scotland and Ukraine's World Cup play-off semi-final, scheduled for 24 March, is postponed."
Angel City FC: Eni Aluko on working for the Los Angeles franchise,"Tue, 08 Mar 2022 06:21:16 GMT",https://www.bbc.co.uk/sport/football/60593513,https://www.bbc.co.uk/sport/football/60593513?at_medium=RSS&at_campaign=KARANGA,"With Angel City FC kicking off their debut NWSL campaign this month, Eni Aluko tells BBC Sport about moving to LA and meeting the club's all-star backers."
Zverev given suspended eight-week ban for striking umpire's chair,"Tue, 08 Mar 2022 06:53:23 GMT",https://www.bbc.co.uk/sport/tennis/60658371,https://www.bbc.co.uk/sport/tennis/60658371?at_medium=RSS&at_campaign=KARANGA,World number three Alexander Zverev faces an eight-week ban from tennis if he repeats the behaviour which led to his expulsion from the Mexican Open.
'I'm very energised to take this team forward' - Root feels he is still right man to lead England,"Mon, 07 Mar 2022 20:42:00 GMT",https://www.bbc.co.uk/sport/cricket/60654838,https://www.bbc.co.uk/sport/cricket/60654838?at_medium=RSS&at_campaign=KARANGA,"Joe Root admits he thought ""long and hard"" about his future as England captain but believes he is the right man to ""take the team forward""."
International Women's Day: How Chelsea 'changed the game' in women's football,"Tue, 08 Mar 2022 06:08:58 GMT",https://www.bbc.co.uk/sport/av/football/60655249,https://www.bbc.co.uk/sport/av/football/60655249?at_medium=RSS&at_campaign=KARANGA,"Football Focus visits Women's Super League champions Chelsea to discover how their players, and their coach Emma Hayes, have changed women's football over the past few years."
War in Ukraine: Russia says it may cut gas supplies if oil ban goes ahead,"Tue, 08 Mar 2022 08:04:39 GMT",https://www.bbc.co.uk/news/business-60656673,https://www.bbc.co.uk/news/business-60656673?at_medium=RSS&at_campaign=KARANGA,A top official says Russia may close its gas lines to Germany if the West halts oil imports.
Ukraine war: UK can and will do more for refugees - minister,"Tue, 08 Mar 2022 08:23:59 GMT",https://www.bbc.co.uk/news/uk-60655788,https://www.bbc.co.uk/news/uk-60655788?at_medium=RSS&at_campaign=KARANGA,"The UK has granted visas to 300 refugees fleeing the war in Ukraine so far, the Home Office says."
"Covid: Vaccines not linked to deaths, says study, and brain changes after virus","Tue, 08 Mar 2022 07:53:27 GMT",https://www.bbc.co.uk/news/uk-60652743,https://www.bbc.co.uk/news/uk-60652743?at_medium=RSS&at_campaign=KARANGA,Five things you need to know about the coronavirus pandemic this Tuesday morning.
Shane Warne: Do liquid diets work and are they safe?,"Tue, 08 Mar 2022 08:10:30 GMT",https://www.bbc.co.uk/news/health-60647276,https://www.bbc.co.uk/news/health-60647276?at_medium=RSS&at_campaign=KARANGA,What do experts make of the diet Shane Warne was on?
"Fury's future plans, AJ's new coach and Khan's rematch ambition - Fight Talk","Tue, 08 Mar 2022 08:06:41 GMT",https://www.bbc.co.uk/sport/boxing/60549538,https://www.bbc.co.uk/sport/boxing/60549538?at_medium=RSS&at_campaign=KARANGA,Will Tyson Fury hang up his gloves after facing Dillian Whyte? Plus Anthony Joshua announces new trainer and Amir Khan reportedly wants a rematch with Kell Brook. It's Fight Talk.
Healy helps Australia beat Pakistan at World Cup,"Tue, 08 Mar 2022 08:16:28 GMT",https://www.bbc.co.uk/sport/cricket/60658487,https://www.bbc.co.uk/sport/cricket/60658487?at_medium=RSS&at_campaign=KARANGA,Alyssa Healy helps Australia secure a comfortable seven-wicket win against Pakistan at the Women's World Cup.
War in Ukraine: West hits Russia with oil bans and gas curbs,"Wed, 09 Mar 2022 01:57:37 GMT",https://www.bbc.co.uk/news/world-us-canada-60666251,https://www.bbc.co.uk/news/world-us-canada-60666251?at_medium=RSS&at_campaign=KARANGA,"The US bans Russian oil, targeting the Russian economy's ""main artery"" over its invasion of Ukraine."
War in Ukraine: Troops dig in near Kyiv,"Wed, 09 Mar 2022 00:00:25 GMT",https://www.bbc.co.uk/news/world-europe-60671329,https://www.bbc.co.uk/news/world-europe-60671329?at_medium=RSS&at_campaign=KARANGA,Ukrainians are determined to defend their capital city as Russian troops prepare for an assault.
Ros Atkins on… The UK’s refugee response,"Tue, 08 Mar 2022 21:57:50 GMT",https://www.bbc.co.uk/news/uk-60668779,https://www.bbc.co.uk/news/uk-60668779?at_medium=RSS&at_campaign=KARANGA,"Ros Atkins looks at the UK's response to refugees fleeing Ukraine, and its family visa scheme."
"War in Ukraine: McDonald’s, Coca-Cola and Starbucks halt Russian sales","Wed, 09 Mar 2022 02:56:24 GMT",https://www.bbc.co.uk/news/business-60665877,https://www.bbc.co.uk/news/business-60665877?at_medium=RSS&at_campaign=KARANGA,Western companies are turning their backs on Russia amid sanctions and violence in Ukraine.
War in Ukraine: Warning oil sanctions will further hit UK living costs,"Wed, 09 Mar 2022 01:29:26 GMT",https://www.bbc.co.uk/news/business-60670120,https://www.bbc.co.uk/news/business-60670120?at_medium=RSS&at_campaign=KARANGA,"Plans to ban or curb Russian oil and gas imports will further hit UK living standards, analysts say."
Ukraine: Volodymyr Zelensky invokes Winston Churchill as he appeals to MPs,"Tue, 08 Mar 2022 18:56:31 GMT",https://www.bbc.co.uk/news/uk-politics-60667964,https://www.bbc.co.uk/news/uk-politics-60667964?at_medium=RSS&at_campaign=KARANGA,"Ukrainian president calls for Russia to be recognised as a ""terrorist state"" in a speech to the Commons."
Ukraine: Ministers can now detain Russian planes in UK,"Wed, 09 Mar 2022 06:00:06 GMT",https://www.bbc.co.uk/news/uk-60671843,https://www.bbc.co.uk/news/uk-60671843?at_medium=RSS&at_campaign=KARANGA,Flights linked to Russia are also criminalised in measures targeting figures close to the Kremlin.
Ukrainian actor Pasha Lee killed in Russian bombardment,"Tue, 08 Mar 2022 16:42:06 GMT",https://www.bbc.co.uk/news/world-europe-60659363,https://www.bbc.co.uk/news/world-europe-60659363?at_medium=RSS&at_campaign=KARANGA,"Pasha Lee, 33, had signed up to defend his country at the start of the war."
Almost two million pupils regularly missing school,"Wed, 09 Mar 2022 00:43:13 GMT",https://www.bbc.co.uk/news/education-60659304,https://www.bbc.co.uk/news/education-60659304?at_medium=RSS&at_campaign=KARANGA,The number of children missing at least half of school is also greater than previously thought.
Stool tests might help spot early pancreatic cancer,"Wed, 09 Mar 2022 00:36:09 GMT",https://www.bbc.co.uk/news/health-60661260,https://www.bbc.co.uk/news/health-60661260?at_medium=RSS&at_campaign=KARANGA,"Detectable changes involving gut microbes ""could provide"" a warning sign that a tumour is present."
Online Safety Bill tweaked to target scam ads,"Wed, 09 Mar 2022 00:23:58 GMT",https://www.bbc.co.uk/news/technology-60670539,https://www.bbc.co.uk/news/technology-60670539?at_medium=RSS&at_campaign=KARANGA,Social media sites may soon be legally required to stop scam adverts under new online safety laws.
Prince Andrew pays settlement ending sex assault case,"Tue, 08 Mar 2022 22:46:08 GMT",https://www.bbc.co.uk/news/uk-60667111,https://www.bbc.co.uk/news/uk-60667111?at_medium=RSS&at_campaign=KARANGA,A US judge has signed off court papers concluding the court case brought by Virginia Giuffre.
Vamps star tells of liposuction body-image pressure,"Tue, 08 Mar 2022 13:43:53 GMT",https://www.bbc.co.uk/news/health-60662357,https://www.bbc.co.uk/news/health-60662357?at_medium=RSS&at_campaign=KARANGA,James Brittain-McVey tells MPs he wishes he had talked to friends about worries over how he looked.
'We are not co-operating': Life in occupied Ukraine,"Wed, 09 Mar 2022 00:06:59 GMT",https://www.bbc.co.uk/news/world-europe-60670173,https://www.bbc.co.uk/news/world-europe-60670173?at_medium=RSS&at_campaign=KARANGA,"Ukrainian cities are now occupied by Russian troops, and residents are not making them feel welcome."
Ukraine war: How reliant is the world on Russia for oil and gas?,"Tue, 08 Mar 2022 18:00:43 GMT",https://www.bbc.co.uk/news/58888451,https://www.bbc.co.uk/news/58888451?at_medium=RSS&at_campaign=KARANGA,Russia says it may cut off gas supplies if countries decided to ban Russian oil.
Ukraine: Family escapes Kharkiv to Poland to treat daughter's cancer,"Wed, 09 Mar 2022 00:01:23 GMT",https://www.bbc.co.uk/news/world-europe-60667313,https://www.bbc.co.uk/news/world-europe-60667313?at_medium=RSS&at_campaign=KARANGA,"After four days on the run, three-year-old Polina and her mother have made it out of Ukraine."
Ukraine: Are arms shipments from the West making a difference?,"Tue, 08 Mar 2022 10:47:57 GMT",https://www.bbc.co.uk/news/world-60655349,https://www.bbc.co.uk/news/world-60655349?at_medium=RSS&at_campaign=KARANGA,Russian has struggled to gain air supremacy as Ukrainian forces make use of missiles supplied by the West.
Ukraine: Mother of Russian soldier asks 'Whose door should I knock on to get my child back?',"Tue, 08 Mar 2022 15:12:07 GMT",https://www.bbc.co.uk/news/world-europe-60604952,https://www.bbc.co.uk/news/world-europe-60604952?at_medium=RSS&at_campaign=KARANGA,Families of Russian soldiers in Ukraine tell the BBC the men had no idea what they were getting into.
Clive Myrie: The Ukrainians I met are not about to give up,"Tue, 08 Mar 2022 12:25:35 GMT",https://www.bbc.co.uk/news/world-europe-60653966,https://www.bbc.co.uk/news/world-europe-60653966?at_medium=RSS&at_campaign=KARANGA,The presenter reflects on the indomitable locals he met in Kyiv - convinced they would defeat the Russians.
The Papers: Zelensky channels Churchill and US-UK oil ban,"Wed, 09 Mar 2022 05:04:37 GMT",https://www.bbc.co.uk/news/blogs-the-papers-60671259,https://www.bbc.co.uk/news/blogs-the-papers-60671259?at_medium=RSS&at_campaign=KARANGA,The Ukrainian president's address to the Commons and a ban on Russian oil imports dominate the papers.
In full: Ukrainian President Zelensky's message to UK,"Tue, 08 Mar 2022 18:27:30 GMT",https://www.bbc.co.uk/news/uk-politics-60666785,https://www.bbc.co.uk/news/uk-politics-60666785?at_medium=RSS&at_campaign=KARANGA,President Zelensky makes an historic address in the House of Commons about the invasion by Russia.
Zelensky's moments: From TV star to wartime leader,"Tue, 08 Mar 2022 20:28:26 GMT",https://www.bbc.co.uk/news/world-europe-60664824,https://www.bbc.co.uk/news/world-europe-60664824?at_medium=RSS&at_campaign=KARANGA,"Ukrainian President Volodymyr Zelensky, a comedian who had no experience of politics when elected, has emerged as a convincing war leader."
CEO Secrets: Drone boss Henri Seydoux shares his advice,"Wed, 09 Mar 2022 00:21:59 GMT",https://www.bbc.co.uk/news/business-60655149,https://www.bbc.co.uk/news/business-60655149?at_medium=RSS&at_campaign=KARANGA,"Henri Seydoux, founder and CEO of French drone specialists Parrot, shares his business advice."
Ukraine: Frozen stars send messages of support to girl singing Let It Go,"Tue, 08 Mar 2022 12:31:34 GMT",https://www.bbc.co.uk/news/entertainment-arts-60647495,https://www.bbc.co.uk/news/entertainment-arts-60647495?at_medium=RSS&at_campaign=KARANGA,The child was filmed singing the track from the Disney film while sheltering in a Ukraine basement.
Ukraine: Travel curfew halts Irish student's escape attempt,"Tue, 08 Mar 2022 21:50:05 GMT",https://www.bbc.co.uk/news/world-europe-60658896,https://www.bbc.co.uk/news/world-europe-60658896?at_medium=RSS&at_campaign=KARANGA,A 19-year-old Irish woman living in Sumy is observing a travel curfew as she tries to leave Ukraine.
Ukraine: Trauma surgeon teaches medics over Zoom,"Tue, 08 Mar 2022 18:43:43 GMT",https://www.bbc.co.uk/news/uk-wales-60668576,https://www.bbc.co.uk/news/uk-wales-60668576?at_medium=RSS&at_campaign=KARANGA,More than 535 doctors from Ukraine joined a call to be taught how to treat injured people.
War in Ukraine: President Zelensky posts video from office in Kyiv,"Tue, 08 Mar 2022 07:33:23 GMT",https://www.bbc.co.uk/news/world-europe-60659029,https://www.bbc.co.uk/news/world-europe-60659029?at_medium=RSS&at_campaign=KARANGA,The Ukrainian president reveals his location in Kyiv in a new video shared on social media.
Ukraine: Does the Home Office need to get a grip?,"Tue, 08 Mar 2022 20:59:34 GMT",https://www.bbc.co.uk/news/uk-politics-60670569,https://www.bbc.co.uk/news/uk-politics-60670569?at_medium=RSS&at_campaign=KARANGA,There's frustration and fury among MPs at the Home Office's response to those fleeing the war.
Private military firms see demand in Ukraine war,"Wed, 09 Mar 2022 00:40:56 GMT",https://www.bbc.co.uk/news/world-us-canada-60669763,https://www.bbc.co.uk/news/world-us-canada-60669763?at_medium=RSS&at_campaign=KARANGA,Private military contractors see surging demand in Ukraine - but could the work turn mercenary?
Russia-Ukraine: Is internet on verge of break-up?,"Wed, 09 Mar 2022 01:02:56 GMT",https://www.bbc.co.uk/news/technology-60661987,https://www.bbc.co.uk/news/technology-60661987?at_medium=RSS&at_campaign=KARANGA,The global internet is under threat as the conflict in Ukraine continues.
Ukraine crisis: Is the UK doing enough to help refugees?,"Tue, 08 Mar 2022 14:22:38 GMT",https://www.bbc.co.uk/news/60555166,https://www.bbc.co.uk/news/60555166?at_medium=RSS&at_campaign=KARANGA,How is the government helping Ukrainian refugees in the UK and in countries neighbouring Ukraine?
Zimbabwe clinics struggle for nurses after exodus to the UK,"Wed, 09 Mar 2022 01:05:08 GMT",https://www.bbc.co.uk/news/world-africa-60524576,https://www.bbc.co.uk/news/world-africa-60524576?at_medium=RSS&at_campaign=KARANGA,"With large numbers of nurses emigrating, patient care is suffering as there are not enough staff."
What is going on with the partygate probe?,"Wed, 09 Mar 2022 01:01:10 GMT",https://www.bbc.co.uk/news/uk-politics-60620289,https://www.bbc.co.uk/news/uk-politics-60620289?at_medium=RSS&at_campaign=KARANGA,Stories about Covid rule breaking in No 10 have gone away but police activities are continuing.
Sloppy England shocked by Windies at World Cup,"Wed, 09 Mar 2022 05:51:07 GMT",https://www.bbc.co.uk/sport/cricket/60671685,https://www.bbc.co.uk/sport/cricket/60671685?at_medium=RSS&at_campaign=KARANGA,England engineer their own downfall in a damaging seven-run defeat by West Indies at the Women's World Cup in Dunedin.
"Liverpool deserve quarter-final spot despite 'slapstick' finishing in loss to Inter, says Klopp","Tue, 08 Mar 2022 23:27:04 GMT",https://www.bbc.co.uk/sport/football/60651560,https://www.bbc.co.uk/sport/football/60651560?at_medium=RSS&at_campaign=KARANGA,"Liverpool's seven-match winning run in the Champions League is ended by Inter Milan, but Jurgen Klopp's side progress to the quarter-finals with a 2-1 aggregate win."
Bairstow ton rescues England against West Indies,"Tue, 08 Mar 2022 22:41:57 GMT",https://www.bbc.co.uk/sport/cricket/60665827,https://www.bbc.co.uk/sport/cricket/60665827?at_medium=RSS&at_campaign=KARANGA,Jonny Bairstow's hundred rescues England after another batting collapse on day one of the first Test against West Indies in Antigua.
Lewandowski scores earliest Champions League hat-trick as Bayern hit seven,"Tue, 08 Mar 2022 23:04:53 GMT",https://www.bbc.co.uk/sport/football/60667847,https://www.bbc.co.uk/sport/football/60667847?at_medium=RSS&at_campaign=KARANGA,Robert Lewandowski scores the earliest ever Champions League hat-trick as Bayern Munich thrash Red Bull Salzburg 6-2 on aggregate to reach the quarter-finals.
Andy Murray pledges to donate prize money to help children in Ukraine,"Tue, 08 Mar 2022 20:42:38 GMT",https://www.bbc.co.uk/sport/tennis/60667095,https://www.bbc.co.uk/sport/tennis/60667095?at_medium=RSS&at_campaign=KARANGA,Andy Murray pledges to donate his earnings from prize money for the rest of the year to help children affected by Russia's invasion of Ukraine.
World Cup 2022: Wales' play-off with Austria to go ahead in March,"Tue, 08 Mar 2022 19:11:57 GMT",https://www.bbc.co.uk/sport/football/60648692,https://www.bbc.co.uk/sport/football/60648692?at_medium=RSS&at_campaign=KARANGA,Wales' World Cup play-off semi-final against Austria later this month will be played as scheduled.
Women's World Cup: Deandra Dottin takes sensational catch against England to dismiss Winfield-Hill,"Wed, 09 Mar 2022 02:44:31 GMT",https://www.bbc.co.uk/sport/av/cricket/60672395,https://www.bbc.co.uk/sport/av/cricket/60672395?at_medium=RSS&at_campaign=KARANGA,West Indies' Deandra Dottin takes a sensational catch to dismiss England's Lauren Winfield-Hill at the Women's World Cup.
Russia could launch chemical attack in Ukraine - White House,"Thu, 10 Mar 2022 03:47:54 GMT",https://www.bbc.co.uk/news/uk-60683248,https://www.bbc.co.uk/news/uk-60683248?at_medium=RSS&at_campaign=KARANGA,"False claims about chemical weapon development are a Russian ploy to justify more attacks, says Jen Psaki."
Ukraine ambassador calls for UK to end 'bureaucratic red tape' for refugees,"Thu, 10 Mar 2022 05:53:58 GMT",https://www.bbc.co.uk/news/uk-60686254,https://www.bbc.co.uk/news/uk-60686254?at_medium=RSS&at_campaign=KARANGA,Vadym Prystaiko says most people fleeing Russia's invasion are women with children and not a threat.
War in Ukraine: Oil prices plunge as UAE supports supply boost,"Thu, 10 Mar 2022 05:38:22 GMT",https://www.bbc.co.uk/news/business-60680787,https://www.bbc.co.uk/news/business-60680787?at_medium=RSS&at_campaign=KARANGA,The move could ease a supply crunch as the West and allies shun Russian oil.
"Ukraine-Russia war: The era of complacency is over, says Liz Truss","Wed, 09 Mar 2022 23:11:13 GMT",https://www.bbc.co.uk/news/uk-politics-60685613,https://www.bbc.co.uk/news/uk-politics-60685613?at_medium=RSS&at_campaign=KARANGA,The foreign secretary will use a speech in Washington to argue for stronger action against Russia.
Ukraine: Private militias recruiting former soldiers,"Thu, 10 Mar 2022 06:06:39 GMT",https://www.bbc.co.uk/news/uk-wales-60676720,https://www.bbc.co.uk/news/uk-wales-60676720?at_medium=RSS&at_campaign=KARANGA,"Private militias are ""scouring"" social media to recruit former soldiers, veterans say."
IMF approves $1.4bn emergency funds for Ukraine,"Thu, 10 Mar 2022 04:26:53 GMT",https://www.bbc.co.uk/news/60686413,https://www.bbc.co.uk/news/60686413?at_medium=RSS&at_campaign=KARANGA,The country is expected to see a deep recession this year due to the impact of the Russian invasion.
"Use Russian money to rebuild Ukraine, says bank chief","Thu, 10 Mar 2022 00:02:39 GMT",https://www.bbc.co.uk/news/business-60684660,https://www.bbc.co.uk/news/business-60684660?at_medium=RSS&at_campaign=KARANGA,In BBC interview Ukraine central bank boss proposes long list of extra financial sanctions on Russia
"Chancellor faces tough calls over households' income hit, says IFS","Thu, 10 Mar 2022 00:02:29 GMT",https://www.bbc.co.uk/news/business-60678717,https://www.bbc.co.uk/news/business-60678717?at_medium=RSS&at_campaign=KARANGA,"The chancellor must decide whether to borrow more or allow household budgets to be squeezed further, the IFS says."
Faulty drainage work blamed for fatal Stonehaven derailment,"Thu, 10 Mar 2022 06:18:28 GMT",https://www.bbc.co.uk/news/uk-scotland-north-east-orkney-shetland-60654251,https://www.bbc.co.uk/news/uk-scotland-north-east-orkney-shetland-60654251?at_medium=RSS&at_campaign=KARANGA,Three people died when the train hit a landslide in heavy rain in Aberdeenshire in 2020.
Toddler tossed to safety from burning building,"Wed, 09 Mar 2022 22:44:41 GMT",https://www.bbc.co.uk/news/world-us-canada-60635933,https://www.bbc.co.uk/news/world-us-canada-60635933?at_medium=RSS&at_campaign=KARANGA,"A brave father threw his son, 3, from the window of a burning building down to first responders."
US Border Patrol finds dozens of snakes and reptiles in man's outfit,"Wed, 09 Mar 2022 22:00:14 GMT",https://www.bbc.co.uk/news/world-us-canada-60685663,https://www.bbc.co.uk/news/world-us-canada-60685663?at_medium=RSS&at_campaign=KARANGA,"The snakes and horned lizards were ""concealed in the man's jacket, pants pockets and groin area""."
Djokovic pulls out of US events over Covid rules,"Wed, 09 Mar 2022 23:20:29 GMT",https://www.bbc.co.uk/sport/tennis/60685794,https://www.bbc.co.uk/sport/tennis/60685794?at_medium=RSS&at_campaign=KARANGA,Novak Djokovic withdraws from Indian Wells and the Miami Open - the first two Masters Series events of the year - because of US coronavirus rules.
Real Madrid 3-1 Paris St-Germain (3-2 agg): Karim Benzema hat-trick inspires superb Real fightback,"Wed, 09 Mar 2022 22:48:17 GMT",https://www.bbc.co.uk/sport/football/60666638,https://www.bbc.co.uk/sport/football/60666638?at_medium=RSS&at_campaign=KARANGA,Karim Benzema scores a superb second-half hat-trick as Real Madrid produce a stirring fightback at a raucous Bernabeu to reach the Champions League quarter-finals at the expense of Paris St-Germain.
The Russians using emojis to evade censors,"Thu, 10 Mar 2022 01:29:13 GMT",https://www.bbc.co.uk/news/60649725,https://www.bbc.co.uk/news/60649725?at_medium=RSS&at_campaign=KARANGA,"Amid a protest crackdown, young people are still risking freedom to oppose the conflict in Ukraine."
Ukraine war: Children of the Soviet era running from Russia,"Wed, 09 Mar 2022 22:47:30 GMT",https://www.bbc.co.uk/news/world-europe-60685723,https://www.bbc.co.uk/news/world-europe-60685723?at_medium=RSS&at_campaign=KARANGA,A veteran of the Soviet-Afghan war is among many older Ukrainians now seeking refuge abroad.
Ros Atkins on... food price rises and the Ukraine war,"Wed, 09 Mar 2022 22:14:35 GMT",https://www.bbc.co.uk/news/world-60682966,https://www.bbc.co.uk/news/world-60682966?at_medium=RSS&at_campaign=KARANGA,Ros Atkins looks at why global food price rises appear inevitable as a consequence of Russia invading Ukraine.
Ukraine war: UK Home Office is in crisis mode over visas,"Wed, 09 Mar 2022 19:20:49 GMT",https://www.bbc.co.uk/news/uk-60682454,https://www.bbc.co.uk/news/uk-60682454?at_medium=RSS&at_campaign=KARANGA,The department is trying to convince an increasingly sceptical nation it has control of the situation.
Ukraine conflict: Your guide to understanding day 14,"Wed, 09 Mar 2022 21:16:53 GMT",https://www.bbc.co.uk/news/world-europe-60683269,https://www.bbc.co.uk/news/world-europe-60683269?at_medium=RSS&at_campaign=KARANGA,A hospital is attacked as civilians try to escape. Here is your guide to the 14th day of fighting.
The Papers: 'Barbaric' children's hospital bombing 'a new low',"Thu, 10 Mar 2022 04:55:11 GMT",https://www.bbc.co.uk/news/blogs-the-papers-60685574,https://www.bbc.co.uk/news/blogs-the-papers-60685574?at_medium=RSS&at_campaign=KARANGA,A picture of a pregnant woman being carried from the wreckage in Mariupol dominates the papers.
Dolly Parton partners with James Patterson for first novel,"Thu, 10 Mar 2022 00:01:14 GMT",https://www.bbc.co.uk/news/entertainment-arts-60609363,https://www.bbc.co.uk/news/entertainment-arts-60609363?at_medium=RSS&at_campaign=KARANGA,Dolly Parton has written her first novel with the help of best-selling author James Patterson.
Encanto director invites glasses 'hero' schoolgirl Lowri to Baftas,"Wed, 09 Mar 2022 12:59:39 GMT",https://www.bbc.co.uk/news/uk-england-nottinghamshire-60677889,https://www.bbc.co.uk/news/uk-england-nottinghamshire-60677889?at_medium=RSS&at_campaign=KARANGA,The 12-year-old wrote to Disney three years ago asking them to create a lead female character with glasses.
Endurance: Underwater robots find Shackleton's lost ship,"Wed, 09 Mar 2022 14:35:52 GMT",https://www.bbc.co.uk/news/science-environment-60670325,https://www.bbc.co.uk/news/science-environment-60670325?at_medium=RSS&at_campaign=KARANGA,Video captured by underwater robots of the shipwreck shows Endurance to be in remarkable condition.
Halifax Acapulco club sells off sticky carpet,"Wed, 09 Mar 2022 11:51:32 GMT",https://www.bbc.co.uk/news/uk-england-leeds-60673798,https://www.bbc.co.uk/news/uk-england-leeds-60673798?at_medium=RSS&at_campaign=KARANGA,"The boss of Halifax's Acapulco club says its ""crazy"" floor covering holds years of memories."
The Capitol riot trial that tore a family apart,"Wed, 09 Mar 2022 23:35:41 GMT",https://www.bbc.co.uk/news/world-us-canada-60671723,https://www.bbc.co.uk/news/world-us-canada-60671723?at_medium=RSS&at_campaign=KARANGA,"Guy Reffitt was convicted of taking part in the 6 January riots, in part due to testimony from his own son."
Fact-checking PM's claim about refugees,"Wed, 09 Mar 2022 18:22:06 GMT",https://www.bbc.co.uk/news/60679290,https://www.bbc.co.uk/news/60679290?at_medium=RSS&at_campaign=KARANGA,The PM claimed the UK had done more to resettle vulnerable people than any other European country.
Israel's Bennett plays peacemaker in Ukraine-Russia war,"Thu, 10 Mar 2022 00:57:16 GMT",https://www.bbc.co.uk/news/world-middle-east-60679175,https://www.bbc.co.uk/news/world-middle-east-60679175?at_medium=RSS&at_campaign=KARANGA,"Prime Minister Naftali Bennett is an unlikely mediator between Kyiv and Moscow, Tom Bateman says."
Winter Paralympics: 'I chose to have my leg amputated after years of pain',"Thu, 10 Mar 2022 01:16:37 GMT",https://www.bbc.co.uk/news/disability-60642118,https://www.bbc.co.uk/news/disability-60642118?at_medium=RSS&at_campaign=KARANGA,Musician Shona chose to have her leg amputated after years of pain - now she's a Paralympian.
Drought robs Amazon communities of 'life-giving' river,"Thu, 10 Mar 2022 01:13:51 GMT",https://www.bbc.co.uk/news/world-latin-america-60601711,https://www.bbc.co.uk/news/world-latin-america-60601711?at_medium=RSS&at_campaign=KARANGA,Low water levels mean riverside communities lose much of their income and their mode of transport.
Kidney donor: I call my remaining one Home Alone Kevin,"Thu, 10 Mar 2022 01:18:17 GMT",https://www.bbc.co.uk/news/health-60661268,https://www.bbc.co.uk/news/health-60661268?at_medium=RSS&at_campaign=KARANGA,"Azeem Ahmad, who donated one of his kidneys to a stranger, says, years on, he still has no regrets."
The Marvellous Neil Baldwin is back to make us feel better,"Thu, 10 Mar 2022 01:20:18 GMT",https://www.bbc.co.uk/news/entertainment-arts-60624134,https://www.bbc.co.uk/news/entertainment-arts-60624134?at_medium=RSS&at_campaign=KARANGA,"Baldwin was played by Toby Jones in the Bafta-winning BBC film Marvellous, which is now on stage."
England in West Indies: Tourists bowlers blunted on attritional second day in Antigua,"Wed, 09 Mar 2022 23:00:57 GMT",https://www.bbc.co.uk/sport/cricket/60665830,https://www.bbc.co.uk/sport/cricket/60665830?at_medium=RSS&at_campaign=KARANGA,A mixed showing from England's bowlers allows West Indies to edge an attritional second day of the first Test in Antigua.
'It's a team award' - Woods gives emotional speech in Hall of Fame induction,"Thu, 10 Mar 2022 06:27:14 GMT",https://www.bbc.co.uk/sport/golf/60684073,https://www.bbc.co.uk/sport/golf/60684073?at_medium=RSS&at_campaign=KARANGA,An emotional Tiger Woods chokes back the tears as he is inducted into the World Golf Hall of Fame on Wednesday after a moving speech by his 14-year-old daughter Sam.
Women share stories of running in public and their safety concerns,"Thu, 10 Mar 2022 06:16:00 GMT",https://www.bbc.co.uk/sport/athletics/60670632,https://www.bbc.co.uk/sport/athletics/60670632?at_medium=RSS&at_campaign=KARANGA,Is it too dark? Should I wear something different? BBC Sport looks at the reality of being a woman out running and what is done to make it safer.
Mazepin & father added to list of wealthy Russians sanctioned by EU,"Wed, 09 Mar 2022 18:01:15 GMT",https://www.bbc.co.uk/sport/formula1/60678476,https://www.bbc.co.uk/sport/formula1/60678476?at_medium=RSS&at_campaign=KARANGA,Ex-Haas driver Nikita Mazepin and his father Dmitry are added to a list of Russians sanctioned over the invasion of Ukraine.
Man City comfortably into Champions League last eight with draw,"Wed, 09 Mar 2022 23:26:53 GMT",https://www.bbc.co.uk/sport/football/60666631,https://www.bbc.co.uk/sport/football/60666631?at_medium=RSS&at_campaign=KARANGA,"Manchester City manager Pep Guardiola says he has learned to ""enjoy the moment"" as his side cruise into the quarter-finals of the Champions League with a 0-0 draw against Sporting Lisbon."
"'A crazy experience' - Liverpool's Harvey Elliott on injury, recovery and Champions League history","Thu, 10 Mar 2022 06:03:58 GMT",https://www.bbc.co.uk/sport/av/football/60685483,https://www.bbc.co.uk/sport/av/football/60685483?at_medium=RSS&at_campaign=KARANGA,MOTDx meets Liverpool midfielder Harvey Elliott to discuss his family's role in his recovery from serious injury and their pride in his place in Champions League history
On the front line of the battle for Kharkiv,"Thu, 10 Mar 2022 17:04:13 GMT",https://www.bbc.co.uk/news/world-europe-60693166,https://www.bbc.co.uk/news/world-europe-60693166?at_medium=RSS&at_campaign=KARANGA,Quentin Sommerville and cameraman Darren Conway are with Ukrainian forces fighting to stop the Russian advance on the country's second city.
Ukraine war: Large Russian convoy redeploys near Kyiv - satellite images,"Fri, 11 Mar 2022 05:38:49 GMT",https://www.bbc.co.uk/news/world-europe-60702464,https://www.bbc.co.uk/news/world-europe-60702464?at_medium=RSS&at_campaign=KARANGA,"The convoy has now largely dispersed, with artillery set up in firing positions, a US company says."
Ukraine war: People can welcome refugees into own homes - PM,"Fri, 11 Mar 2022 03:39:26 GMT",https://www.bbc.co.uk/news/uk-60701941,https://www.bbc.co.uk/news/uk-60701941?at_medium=RSS&at_campaign=KARANGA,"Details of a sponsorship visa scheme to host Ukrainians will be revealed on Monday, Boris Johnson says."
Ukraine conflict: Growing numbers of firms pull back from Russia,"Fri, 11 Mar 2022 00:52:35 GMT",https://www.bbc.co.uk/news/business-60571133,https://www.bbc.co.uk/news/business-60571133?at_medium=RSS&at_campaign=KARANGA,Reputational risk and practical difficulties are making it harder to do business in the country.
Twitter blocks Russian claims on hospital attack,"Thu, 10 Mar 2022 21:39:26 GMT",https://www.bbc.co.uk/news/technology-60700642,https://www.bbc.co.uk/news/technology-60700642?at_medium=RSS&at_campaign=KARANGA,Posts from the Russian embassy in the UK claiming the bombing of a maternity hospital was faked have been taken down.
War in Ukraine: Facebook to allow calls for violence against Putin,"Fri, 11 Mar 2022 03:05:42 GMT",https://www.bbc.co.uk/news/technology-60702619,https://www.bbc.co.uk/news/technology-60702619?at_medium=RSS&at_campaign=KARANGA,"Meta, the owner of Facebook and Instagram, will temporarily make allowances for some violent speech."
Jussie Smollett sentenced to 150 days in jail in attack hoax case,"Fri, 11 Mar 2022 01:58:32 GMT",https://www.bbc.co.uk/news/world-us-canada-60695975,https://www.bbc.co.uk/news/world-us-canada-60695975?at_medium=RSS&at_campaign=KARANGA,"A Chicago judge told Jussie Smollett that he has ""turned his life upside down"" with the hoax."
"N Korea tested long-range missiles, says US","Fri, 11 Mar 2022 02:09:46 GMT",https://www.bbc.co.uk/news/world-asia-60702463,https://www.bbc.co.uk/news/world-asia-60702463?at_medium=RSS&at_campaign=KARANGA,The US says the two recent tests were a 'serious escalation' and vows to further sanction N Korea.
Ukraine war: Roman Abramovich sanctioned by UK,"Thu, 10 Mar 2022 22:20:51 GMT",https://www.bbc.co.uk/news/uk-politics-60690362,https://www.bbc.co.uk/news/uk-politics-60690362?at_medium=RSS&at_campaign=KARANGA,Chelsea FC owner Roman Abramovich one of seven oligarchs sanctioned by the UK government.
Fans chant Abramovich's name at Chelsea win,"Thu, 10 Mar 2022 22:04:47 GMT",https://www.bbc.co.uk/sport/football/60597807,https://www.bbc.co.uk/sport/football/60597807?at_medium=RSS&at_campaign=KARANGA,Chelsea beat bottom club Norwich as Mason Mount scores one and makes another on the day his club's long-term future is thrown into uncertainty.
Covid deaths probably three times higher than records say,"Fri, 11 Mar 2022 00:19:39 GMT",https://www.bbc.co.uk/news/health-60690251,https://www.bbc.co.uk/news/health-60690251?at_medium=RSS&at_campaign=KARANGA,"Official records say six million have died, but the true figure may be over 18 million, say researchers."
UK Covid inquiry draft terms of reference set out,"Fri, 11 Mar 2022 03:41:07 GMT",https://www.bbc.co.uk/news/uk-60697093,https://www.bbc.co.uk/news/uk-60697093?at_medium=RSS&at_campaign=KARANGA,The probe will look at areas including preparedness and the public health response to the pandemic.
"Covid pandemic fuels deepening education inequalities in England, say MPs","Fri, 11 Mar 2022 00:39:33 GMT",https://www.bbc.co.uk/news/education-60683839,https://www.bbc.co.uk/news/education-60683839?at_medium=RSS&at_campaign=KARANGA,"A report says school closures damaged learning in England, with big regional differences."
"Watch: Our correspondent on the front line, with Ukraine’s troops","Thu, 10 Mar 2022 22:47:46 GMT",https://www.bbc.co.uk/news/world-europe-60699588,https://www.bbc.co.uk/news/world-europe-60699588?at_medium=RSS&at_campaign=KARANGA,The BBC spent a week with Ukrainian forces in Kharkiv as they fight to stop a further Russian advance.
Ukraine war: Images reveal scale of destruction in Mariupol,"Thu, 10 Mar 2022 16:53:10 GMT",https://www.bbc.co.uk/news/world-europe-60695465,https://www.bbc.co.uk/news/world-europe-60695465?at_medium=RSS&at_campaign=KARANGA,"Photos and satellite images show the devastation caused to the southern Ukrainian city, which is encircled by Russian troops."
"Ukraine war: 'I have 20 children here, please send help'","Fri, 11 Mar 2022 00:01:01 GMT",https://www.bbc.co.uk/news/world-europe-60667515,https://www.bbc.co.uk/news/world-europe-60667515?at_medium=RSS&at_campaign=KARANGA,Tens of thousands of children in Ukrainian state care are in desperate need to get out of the country.
"What is a war crime, and could Putin be prosecuted over Ukraine?","Thu, 10 Mar 2022 12:14:57 GMT",https://www.bbc.co.uk/news/world-60690688,https://www.bbc.co.uk/news/world-60690688?at_medium=RSS&at_campaign=KARANGA,"If Russia has carried out war crimes in Ukraine, how could Putin or senior officers be brought to justice?"
War in Ukraine: A family's 'torturous' UK visa chase,"Thu, 10 Mar 2022 17:49:20 GMT",https://www.bbc.co.uk/news/world-europe-60695436,https://www.bbc.co.uk/news/world-europe-60695436?at_medium=RSS&at_campaign=KARANGA,Luke Morgan has spent the last fortnight helping his wife's family get to the UK from Ukraine.
Ukraine: What sanctions are being imposed on Russia?,"Thu, 10 Mar 2022 17:16:09 GMT",https://www.bbc.co.uk/news/world-europe-60125659,https://www.bbc.co.uk/news/world-europe-60125659?at_medium=RSS&at_campaign=KARANGA,Western nations have imposed severe sanctions on Russia over its invasion of Ukraine.
Ukraine: What happened on day 15 of Russia's invasion,"Thu, 10 Mar 2022 22:02:16 GMT",https://www.bbc.co.uk/news/world-europe-60697521,https://www.bbc.co.uk/news/world-europe-60697521?at_medium=RSS&at_campaign=KARANGA,On the frontline in the battle for Kharkiv - and Ukrainians rescue their grandmothers from Russian shelling.
Ukraine war: Column of Russian tanks ambushed by Ukrainian forces,"Thu, 10 Mar 2022 16:44:30 GMT",https://www.bbc.co.uk/news/world-europe-60699332,https://www.bbc.co.uk/news/world-europe-60699332?at_medium=RSS&at_campaign=KARANGA,Drone footage appears to show Russian tanks under attack on the outskirts of Kyiv.
WATCH: Disposal experts defuse unexploded bomb in Ukraine,"Thu, 10 Mar 2022 09:12:48 GMT",https://www.bbc.co.uk/news/world-europe-60689562,https://www.bbc.co.uk/news/world-europe-60689562?at_medium=RSS&at_campaign=KARANGA,An unexploded 500kg (1102lb) bomb was discovered in Chernihiv in northern Ukraine.
Roman Abramovich: What do Russian owner's sanctions mean for Chelsea?,"Thu, 10 Mar 2022 19:05:17 GMT",https://www.bbc.co.uk/sport/football/60684038,https://www.bbc.co.uk/sport/football/60684038?at_medium=RSS&at_campaign=KARANGA,What do sanctions imposed on Roman Abramovich mean for Chelsea and the club's supporters? BBC Sport answers some of the key questions.
What is a thermobaric or vacuum bomb?,"Thu, 10 Mar 2022 11:34:56 GMT",https://www.bbc.co.uk/news/business-60571395,https://www.bbc.co.uk/news/business-60571395?at_medium=RSS&at_campaign=KARANGA,"What is a thermobaric or vacuum bomb, and why is Russia using them in the war in Ukraine?"
The Papers: 'Roman empire falls' and 'hotline to host refugees',"Fri, 11 Mar 2022 05:29:57 GMT",https://www.bbc.co.uk/news/blogs-the-papers-60701820,https://www.bbc.co.uk/news/blogs-the-papers-60701820?at_medium=RSS&at_campaign=KARANGA,"Claims the Chelsea owner has ""blood on his hands"" and a plea to host refugees feature in the papers."
Quiz of the week: Who helped Dolly write a novel?,"Thu, 10 Mar 2022 17:35:44 GMT",https://www.bbc.co.uk/news/world-60685025,https://www.bbc.co.uk/news/world-60685025?at_medium=RSS&at_campaign=KARANGA,How closely have you been paying attention to what's been going on during the past seven days?
'I just don't think we're being listened to',"Fri, 11 Mar 2022 04:26:46 GMT",https://www.bbc.co.uk/news/world-us-canada-60698394,https://www.bbc.co.uk/news/world-us-canada-60698394?at_medium=RSS&at_campaign=KARANGA,The BBC spoke to four black women about their experiences with pregnancy loss in the US healthcare system.
Russia-Ukraine war: Foreign fighters go to join defence,"Fri, 11 Mar 2022 00:02:52 GMT",https://www.bbc.co.uk/news/world-europe-60696603,https://www.bbc.co.uk/news/world-europe-60696603?at_medium=RSS&at_campaign=KARANGA,"Nearly 20,000 international volunteers have signed up to fight alongside Ukrainian forces, officials say."
Ukraine war: Indian students on the trauma of escaping,"Thu, 10 Mar 2022 14:23:59 GMT",https://www.bbc.co.uk/news/world-asia-60689267,https://www.bbc.co.uk/news/world-asia-60689267?at_medium=RSS&at_campaign=KARANGA,The BBC follows some of the thousands of students who've been evacuated from the war.
UK boy donates teddy bear to Ukrainian child,"Thu, 10 Mar 2022 16:50:38 GMT",https://www.bbc.co.uk/news/uk-england-tees-60697946,https://www.bbc.co.uk/news/uk-england-tees-60697946?at_medium=RSS&at_campaign=KARANGA,Will decided to help after finding out from his mum a war was taking place.
Classic Queen cover art for A Day at the Races sells for £28k,"Thu, 10 Mar 2022 17:17:35 GMT",https://www.bbc.co.uk/news/uk-england-wiltshire-60693220,https://www.bbc.co.uk/news/uk-england-wiltshire-60693220?at_medium=RSS&at_campaign=KARANGA,"The piece was by David Costa, an artist who worked with Elton John, The Beatles and Queen."
Gracie Spinks: Receipt could have traced killer - family,"Fri, 11 Mar 2022 02:07:24 GMT",https://www.bbc.co.uk/news/uk-england-derbyshire-60525625,https://www.bbc.co.uk/news/uk-england-derbyshire-60525625?at_medium=RSS&at_campaign=KARANGA,A bag of weapons found before she died has been linked to killer Michael Sellers.
Climate change: Can the Russian energy crisis help to curb global heating?,"Fri, 11 Mar 2022 01:59:25 GMT",https://www.bbc.co.uk/news/uk-politics-60683929,https://www.bbc.co.uk/news/uk-politics-60683929?at_medium=RSS&at_campaign=KARANGA,"An energy strategy is due - but can it get the UK off Russian gas, cut bills and help the environment?"
Does your boss really care what you think?,"Fri, 11 Mar 2022 00:09:13 GMT",https://www.bbc.co.uk/news/business-60381024,https://www.bbc.co.uk/news/business-60381024?at_medium=RSS&at_campaign=KARANGA,The real reasons companies are making an extra effort to find out if their staff are happy or not.
Timbuktu manuscripts: Mali's ancient documents captured online,"Thu, 10 Mar 2022 17:10:58 GMT",https://www.bbc.co.uk/news/world-africa-60689699,https://www.bbc.co.uk/news/world-africa-60689699?at_medium=RSS&at_campaign=KARANGA,"The thousands of manuscripts contain centuries of African writing on maths, medicine and more."
Ukraine war: How reliant is the world on Russia for oil and gas?,"Thu, 10 Mar 2022 11:22:57 GMT",https://www.bbc.co.uk/news/58888451,https://www.bbc.co.uk/news/58888451?at_medium=RSS&at_campaign=KARANGA,Russia has threatened to cut off gas supplies if countries ban its oil.
"'As long as we have enough shirts and a bus, we'll be there' - Chelsea bosses vow to carry on","Thu, 10 Mar 2022 23:37:13 GMT",https://www.bbc.co.uk/sport/football/60700515,https://www.bbc.co.uk/sport/football/60700515?at_medium=RSS&at_campaign=KARANGA,Thomas Tuchel says Chelsea face an uncertain future but vows the team will keep competing on the pitch.
England toil as Bonner hits century to put West Indies on top,"Thu, 10 Mar 2022 22:32:58 GMT",https://www.bbc.co.uk/sport/cricket/60696847,https://www.bbc.co.uk/sport/cricket/60696847?at_medium=RSS&at_campaign=KARANGA,An uninspiring England toil as Nkrumah Bonner's determined century puts West Indies on top after day three of the first Test in Antigua.
Commanding Rangers take big step towards Europa League quarter-finals,"Thu, 10 Mar 2022 22:24:57 GMT",https://www.bbc.co.uk/sport/football/60594728,https://www.bbc.co.uk/sport/football/60594728?at_medium=RSS&at_campaign=KARANGA,Rangers take a significant step towards the Europa League quarter-finals with a pulsating statement win over Red Star Belgrade at a raucous Ibrox.
Formula 1 testing: Red Bull unhappy with Mercedes upgrade in Bahrain,"Thu, 10 Mar 2022 16:18:16 GMT",https://www.bbc.co.uk/sport/formula1/60697803,https://www.bbc.co.uk/sport/formula1/60697803?at_medium=RSS&at_campaign=KARANGA,Mercedes are at the centre of a row over the legality of their car after introducing a radical new design at the second pre-season test.
Chelsea: Thomas Tuchel has faith in those in charge of club's future,"Thu, 10 Mar 2022 23:32:35 GMT",https://www.bbc.co.uk/sport/av/football/60697159,https://www.bbc.co.uk/sport/av/football/60697159?at_medium=RSS&at_campaign=KARANGA,Chelsea manager Thomas Tuchel is hopeful a solution will be found to keep the club going after sanctions were imposed on owner Roman Abramovich.
Chelsea thrash West Ham at end of 'difficult day' for club,"Thu, 10 Mar 2022 22:36:45 GMT",https://www.bbc.co.uk/sport/football/60597800,https://www.bbc.co.uk/sport/football/60597800?at_medium=RSS&at_campaign=KARANGA,Chelsea bounce back from their Continental Cup final defeat and thrash West Ham to go within five points of league leaders Arsenal with two games in hand.
Ukraine war: Kyiv prepares for Russian attack,"Fri, 11 Mar 2022 20:04:59 GMT",https://www.bbc.co.uk/news/world-europe-60714515,https://www.bbc.co.uk/news/world-europe-60714515?at_medium=RSS&at_campaign=KARANGA,"As Russian forces continue their slow advance, Kyiv's residents fear the worst for their city."
"Battle for Mykolaiv: 'We are winning this fight, but not this war'","Fri, 11 Mar 2022 19:21:01 GMT",https://www.bbc.co.uk/news/world-europe-60711659,https://www.bbc.co.uk/news/world-europe-60711659?at_medium=RSS&at_campaign=KARANGA,"In the southern city of Mykolaiv, Ukrainian forces are battling to stop the Russian advance."
Ukraine war: Ukrainians mourn their fallen soldiers,"Sat, 12 Mar 2022 00:00:47 GMT",https://www.bbc.co.uk/news/world-europe-60714529,https://www.bbc.co.uk/news/world-europe-60714529?at_medium=RSS&at_campaign=KARANGA,Funerals are held for the first Ukrainian victims of the Ukraine-Russia war.
Roman Abramovich: Chelsea have credit card facilities temporarily suspended,"Fri, 11 Mar 2022 20:01:22 GMT",https://www.bbc.co.uk/sport/football/60714952,https://www.bbc.co.uk/sport/football/60714952?at_medium=RSS&at_campaign=KARANGA,Chelsea's credit card facilities are temporarily suspended while banks assess the implications of the sanctions imposed on Russian billionaire owner Roman Abramovich.
The race is on for affordable energy for the UK's homes and businesses,"Sat, 12 Mar 2022 00:19:48 GMT",https://www.bbc.co.uk/news/uk-politics-60712673,https://www.bbc.co.uk/news/uk-politics-60712673?at_medium=RSS&at_campaign=KARANGA,War in Ukraine has focused minds on how to get enough affordable energy for homes and businesses.
Fears funeral plan reforms could mean thousands lose money,"Sat, 12 Mar 2022 00:51:39 GMT",https://www.bbc.co.uk/news/business-60667173,https://www.bbc.co.uk/news/business-60667173?at_medium=RSS&at_campaign=KARANGA,There is growing concern that tougher regulations for funeral plan providers could hit many customers.
Disney apologises for 'silence' on 'Don't Say Gay' bill,"Fri, 11 Mar 2022 21:39:16 GMT",https://www.bbc.co.uk/news/world-us-canada-60714063,https://www.bbc.co.uk/news/world-us-canada-60714063?at_medium=RSS&at_campaign=KARANGA,"It comes after the BBC is shown a letter which also claims ""gay affection"" is cut from Pixar content."
Transgender children: Texas plan to probe parents halted,"Sat, 12 Mar 2022 01:04:01 GMT",https://www.bbc.co.uk/news/world-us-canada-60710227,https://www.bbc.co.uk/news/world-us-canada-60710227?at_medium=RSS&at_campaign=KARANGA,Parents seeking gender transition for their children may not be investigated for so-called abuse.
France keep Six Nations Grand Slam dream alive,"Fri, 11 Mar 2022 21:56:48 GMT",https://www.bbc.co.uk/sport/rugby-union/60712709,https://www.bbc.co.uk/sport/rugby-union/60712709?at_medium=RSS&at_campaign=KARANGA,France keep alive their dreams of a first Grand Slam and Six Nations title since 2010 with a tense 13-9 victory over Wales.
England in West Indies: Zak Crawley hits hundred as tourists dominate day four in Antigua,"Fri, 11 Mar 2022 21:59:53 GMT",https://www.bbc.co.uk/sport/cricket/60711815,https://www.bbc.co.uk/sport/cricket/60711815?at_medium=RSS&at_campaign=KARANGA,Zak Crawley hits his second Test hundred as England dominate West Indies on day four of the first Test to set up an outside chance of victory.
Queen pulls out of attending Commonwealth Service,"Fri, 11 Mar 2022 20:43:20 GMT",https://www.bbc.co.uk/news/uk-60715218,https://www.bbc.co.uk/news/uk-60715218?at_medium=RSS&at_campaign=KARANGA,"The Queen will not attend next week's service at Westminster Abbey, Buckingham Palace says."
UK sanctions 386 Russian MPs over Ukraine invasion,"Fri, 11 Mar 2022 19:31:33 GMT",https://www.bbc.co.uk/news/uk-politics-60708230,https://www.bbc.co.uk/news/uk-politics-60708230?at_medium=RSS&at_campaign=KARANGA,Politicians who voted to recognise two areas of Ukraine as independent have their UK assets frozen.
Covid infections rising again across UK - ONS,"Fri, 11 Mar 2022 19:11:35 GMT",https://www.bbc.co.uk/news/health-60709712,https://www.bbc.co.uk/news/health-60709712?at_medium=RSS&at_campaign=KARANGA,"A form of Omicron called BA.2 is now the most common variant in most of the UK, figures suggest."
"Under threat of Russian bombs, Lviv hides away its priceless heritage","Sat, 12 Mar 2022 00:25:31 GMT",https://www.bbc.co.uk/news/world-europe-60707531,https://www.bbc.co.uk/news/world-europe-60707531?at_medium=RSS&at_campaign=KARANGA,The picturesque western city of Lviv is racing to protect is cultural and religious artefacts.
War in Ukraine: How Russia is recruiting mercenaries,"Sat, 12 Mar 2022 00:32:16 GMT",https://www.bbc.co.uk/news/world-europe-60711211,https://www.bbc.co.uk/news/world-europe-60711211?at_medium=RSS&at_campaign=KARANGA,"Social media channels and private messaging groups are being used to recruit, the BBC has learned."
Ukraine war: Fact-checking Russia's biological weapons claims,"Fri, 11 Mar 2022 19:03:49 GMT",https://www.bbc.co.uk/news/60711705,https://www.bbc.co.uk/news/60711705?at_medium=RSS&at_campaign=KARANGA,The BBC finds no evidence for Russian claims that Ukraine is developing biological weapons with US support.
Ukraine: Spam website set up to reach millions of Russians,"Sat, 12 Mar 2022 00:35:07 GMT",https://www.bbc.co.uk/news/technology-60697261,https://www.bbc.co.uk/news/technology-60697261?at_medium=RSS&at_campaign=KARANGA,A Norwegian computer expert has made a system for volunteers to email millions of Russian people about the war
What sanctions are being imposed on Russia over Ukraine invasion?,"Fri, 11 Mar 2022 15:12:07 GMT",https://www.bbc.co.uk/news/world-europe-60125659,https://www.bbc.co.uk/news/world-europe-60125659?at_medium=RSS&at_campaign=KARANGA,Western nations have imposed severe sanctions on Russia over its invasion of Ukraine.
Mariupol hospital attack: Pregnant woman hurt in bombing gives birth,"Fri, 11 Mar 2022 22:16:48 GMT",https://www.bbc.co.uk/news/world-europe-60715492,https://www.bbc.co.uk/news/world-europe-60715492?at_medium=RSS&at_campaign=KARANGA,"Mariana Vishegirskaya, a beauty blogger, has reportedly given birth to a baby girl."
Ukraine: What happened on day 16 of Russia's invasion,"Fri, 11 Mar 2022 21:12:56 GMT",https://www.bbc.co.uk/news/world-europe-60712179,https://www.bbc.co.uk/news/world-europe-60712179?at_medium=RSS&at_campaign=KARANGA,"Vladimir Putin paves the way for foreign fighters to join the war, while Russia widens its attacks."
Ukraine: Thousands of vulnerable children unaccounted for,"Fri, 11 Mar 2022 16:37:24 GMT",https://www.bbc.co.uk/news/world-europe-60692442,https://www.bbc.co.uk/news/world-europe-60692442?at_medium=RSS&at_campaign=KARANGA,Extraction unit evacuating orphanages in the war zone say traffickers targeted children at the Ukraine border.
Will Nato get involved if dirty bombs are used in Ukraine? And other questions,"Fri, 11 Mar 2022 16:00:22 GMT",https://www.bbc.co.uk/news/world-60711951,https://www.bbc.co.uk/news/world-60711951?at_medium=RSS&at_campaign=KARANGA,BBC correspondents Lyse Doucet and Jenny Hill answer readers' questions on Ukraine
Watch: Our correspondent goes into no-man's land with the Ukrainian army,"Thu, 10 Mar 2022 22:47:46 GMT",https://www.bbc.co.uk/news/world-europe-60699588,https://www.bbc.co.uk/news/world-europe-60699588?at_medium=RSS&at_campaign=KARANGA,The BBC spent a week with Ukrainian forces in Kharkiv as they fight to stop a further Russian advance.
Which companies are pulling out of Russia?,"Fri, 11 Mar 2022 21:44:54 GMT",https://www.bbc.co.uk/news/business-60571133,https://www.bbc.co.uk/news/business-60571133?at_medium=RSS&at_campaign=KARANGA,Reputational risk and practical difficulties means the exodus of firms is growing but some remain.
Roman Abramovich: What do Russian owner's sanctions mean for Chelsea?,"Fri, 11 Mar 2022 06:47:16 GMT",https://www.bbc.co.uk/sport/football/60684038,https://www.bbc.co.uk/sport/football/60684038?at_medium=RSS&at_campaign=KARANGA,What do sanctions imposed on Roman Abramovich mean for Chelsea and the club's supporters? BBC Sport answers some of the key questions.
The Papers: Kyiv faces siege and UK under fire over refugees,"Sat, 12 Mar 2022 05:26:16 GMT",https://www.bbc.co.uk/news/blogs-the-papers-60716208,https://www.bbc.co.uk/news/blogs-the-papers-60716208?at_medium=RSS&at_campaign=KARANGA,The coming battle for Ukraine's capital and the ongoing fallout dominates the headlines.
Intimate image abuse: His confession protected him,"Sat, 12 Mar 2022 00:00:50 GMT",https://www.bbc.co.uk/news/uk-politics-60693849,https://www.bbc.co.uk/news/uk-politics-60693849?at_medium=RSS&at_campaign=KARANGA,Georgie received an anonymous tip-off on Facebook that intimate photos of her were being shared online.
Building a bigger home for the British Library collection,"Sat, 12 Mar 2022 00:07:59 GMT",https://www.bbc.co.uk/news/uk-england-leeds-60668721,https://www.bbc.co.uk/news/uk-england-leeds-60668721?at_medium=RSS&at_campaign=KARANGA,What do you do when your collection of millions of books keeps growing but your bookshelves don't?
The friends who explore abandoned buildings,"Fri, 11 Mar 2022 23:02:24 GMT",https://www.bbc.co.uk/news/uk-scotland-60700824,https://www.bbc.co.uk/news/uk-scotland-60700824?at_medium=RSS&at_campaign=KARANGA,"Alex, Alistair and Theo are among a community of ""urban explorers"" who document the history of decaying structures."
Week in pictures: 5-11 March 2022,"Sat, 12 Mar 2022 00:10:45 GMT",https://www.bbc.co.uk/news/in-pictures-60699864,https://www.bbc.co.uk/news/in-pictures-60699864?at_medium=RSS&at_campaign=KARANGA,"A selection of powerful images from all over the globe, taken in the past seven days."
'Young people may have 10-plus careers in their lifetime',"Fri, 11 Mar 2022 22:30:50 GMT",https://www.bbc.co.uk/news/business-60710925,https://www.bbc.co.uk/news/business-60710925?at_medium=RSS&at_campaign=KARANGA,A charity competition is encouraging school kids to get entrepreneurial and make their own products.
British Pie Awards: Gluten-free pie crowned winner,"Fri, 11 Mar 2022 21:23:05 GMT",https://www.bbc.co.uk/news/uk-england-leicestershire-60715831,https://www.bbc.co.uk/news/uk-england-leicestershire-60715831?at_medium=RSS&at_campaign=KARANGA,This is the first time the free-from category produced an overall winning pie.
Mystery drone from Ukraine war crashes in Croatia,"Fri, 11 Mar 2022 14:22:00 GMT",https://www.bbc.co.uk/news/world-europe-60709952,https://www.bbc.co.uk/news/world-europe-60709952?at_medium=RSS&at_campaign=KARANGA,Experts believe a drone that crashed in Zagreb was a Soviet-era type used by the Ukrainian military.
Mark Kermode and Simon Mayo are ending their 5 Live film show,"Fri, 11 Mar 2022 16:01:03 GMT",https://www.bbc.co.uk/news/entertainment-arts-60705765,https://www.bbc.co.uk/news/entertainment-arts-60705765?at_medium=RSS&at_campaign=KARANGA,The movie review show presented by critic Mark Kermode and presenter Simon Mayo will end in April.
Jussie Smollett: A complete timeline from actor's 2019 arrest to jail time,"Fri, 11 Mar 2022 09:11:53 GMT",https://www.bbc.co.uk/news/newsbeat-47317701,https://www.bbc.co.uk/news/newsbeat-47317701?at_medium=RSS&at_campaign=KARANGA,"A jury has sentenced the US actor for lying about being the victim of a racist, homophobic attack."
Honduran authorities burn eight tonnes of cocaine,"Fri, 11 Mar 2022 19:53:32 GMT",https://www.bbc.co.uk/news/world-60715574,https://www.bbc.co.uk/news/world-60715574?at_medium=RSS&at_campaign=KARANGA,Authorities in Honduras destroy cocaine seized in various operations in the country since 2020.
UK visas for Ukrainian refugees: 'We don't deserve such an attitude',"Fri, 11 Mar 2022 12:39:04 GMT",https://www.bbc.co.uk/news/world-europe-60707758,https://www.bbc.co.uk/news/world-europe-60707758?at_medium=RSS&at_campaign=KARANGA,"Lena Kamolikova came from London to collect her Ukrainian mother Raisa, but they face a lengthy process to apply for a UK visa."
Pregnancy loss: 'I just don't think we're being listened to',"Fri, 11 Mar 2022 04:26:46 GMT",https://www.bbc.co.uk/news/world-us-canada-60698394,https://www.bbc.co.uk/news/world-us-canada-60698394?at_medium=RSS&at_campaign=KARANGA,Four black women explain their devastating experiences with pregnancy loss in US healthcare system.
Martin Compston: From a school corridor to stardom,"Fri, 11 Mar 2022 22:55:36 GMT",https://www.bbc.co.uk/news/uk-scotland-60707536,https://www.bbc.co.uk/news/uk-scotland-60707536?at_medium=RSS&at_campaign=KARANGA,"The Scot made his acting debut in Ken Loach's gritty drama Sweet Sixteen, released 20 years ago."
'Reselling PlayStations keeps a roof over my head',"Sat, 12 Mar 2022 00:13:50 GMT",https://www.bbc.co.uk/news/technology-60709207,https://www.bbc.co.uk/news/technology-60709207?at_medium=RSS&at_campaign=KARANGA,How so-called scalpers use online bots to snap up consoles and resell them for profit.
Farming Wales: The farmer making vodka from sheep milk,"Fri, 11 Mar 2022 23:03:14 GMT",https://www.bbc.co.uk/news/uk-wales-60692167,https://www.bbc.co.uk/news/uk-wales-60692167?at_medium=RSS&at_campaign=KARANGA,"Bryn Perry, from Pembrokeshire, recycles leftover whey from his cheese-making to produce the spirit."
Australia floods: 'I'm angry it's happening again',"Fri, 11 Mar 2022 16:57:06 GMT",https://www.bbc.co.uk/news/world-australia-60686223,https://www.bbc.co.uk/news/world-australia-60686223?at_medium=RSS&at_campaign=KARANGA,"Australians are reeling from one of their worst natural disasters, but many despair at a sense of déjà vu."
Ukraine: How China is censoring online discussion of the war,"Sat, 12 Mar 2022 00:14:55 GMT",https://www.bbc.co.uk/news/60684682,https://www.bbc.co.uk/news/60684682?at_medium=RSS&at_campaign=KARANGA,The authorities are struggling to keep a lid on pro- and anti-Russian views being discussed online.
The Ukrainian sisters separated by war,"Fri, 11 Mar 2022 11:36:00 GMT",https://www.bbc.co.uk/news/uk-england-london-60689753,https://www.bbc.co.uk/news/uk-england-london-60689753?at_medium=RSS&at_campaign=KARANGA,Tetyana Nesterchuk is safe in London while her sister Mariia has chosen to stay in war-torn Ukraine.
Covid-19 in the UK: How many coronavirus cases are there in my area?,"Fri, 11 Mar 2022 17:52:37 GMT",https://www.bbc.co.uk/news/uk-51768274,https://www.bbc.co.uk/news/uk-51768274?at_medium=RSS&at_campaign=KARANGA,Explore the data on coronavirus in the UK and find out how many cases there are in your area.
‘It was a nightmare in that place’,"Fri, 11 Mar 2022 12:27:59 GMT",https://www.bbc.co.uk/news/uk-northern-ireland-60698025,https://www.bbc.co.uk/news/uk-northern-ireland-60698025?at_medium=RSS&at_campaign=KARANGA,"For abuse survivors, Friday's apology has been hard fought - but the years of pain are as vivid as ever."
Cost of living: What Tory MPs want from Rishi Sunak,"Fri, 11 Mar 2022 14:58:59 GMT",https://www.bbc.co.uk/news/uk-politics-60705352,https://www.bbc.co.uk/news/uk-politics-60705352?at_medium=RSS&at_campaign=KARANGA,"MPs are not short of ideas for the chancellor to help struggling families, but all come at a price."
Raducanu into Indian Wells third round with win over Garcia,"Sat, 12 Mar 2022 06:45:08 GMT",https://www.bbc.co.uk/sport/tennis/60715920,https://www.bbc.co.uk/sport/tennis/60715920?at_medium=RSS&at_campaign=KARANGA,"Emma Raducanu gets past Caroline Garcia, while fellow Brit Harriet Dart overcomes Elina Svitolina to reach the third round at Indian Wells."
Murray beats Daniel at Indian Wells for 700th ATP win,"Sat, 12 Mar 2022 06:36:12 GMT",https://www.bbc.co.uk/sport/tennis/60711780,https://www.bbc.co.uk/sport/tennis/60711780?at_medium=RSS&at_campaign=KARANGA,Andy Murray fights back from a set down to beat Taro Daniel 1-6 6-2 6-4 in the first round at Indian Wells as he secures a 700th win on the ATP Tour.
Winter Paralympics: Britain's Menna Fitzpatrick finishes fourth in slalom,"Sat, 12 Mar 2022 06:41:50 GMT",https://www.bbc.co.uk/sport/winter-sports/60718240,https://www.bbc.co.uk/sport/winter-sports/60718240?at_medium=RSS&at_campaign=KARANGA,Britain's Menna Fitzpatrick narrowly misses another Winter Paralympic medal with fourth in the visually-impaired slalom.
Six Nations: 'Ireland will demand new level from new England',"Sat, 12 Mar 2022 06:29:09 GMT",https://www.bbc.co.uk/sport/rugby-union/60713705,https://www.bbc.co.uk/sport/rugby-union/60713705?at_medium=RSS&at_campaign=KARANGA,"England have promised physicality, but will also need unseen accuracy and ambition to derail a resurgent Ireland in Twickenham showdown."
Six Nations: France edge past Wales to keep Grand Slam hopes alive,"Fri, 11 Mar 2022 22:51:53 GMT",https://www.bbc.co.uk/sport/av/rugby-union/60714281,https://www.bbc.co.uk/sport/av/rugby-union/60714281?at_medium=RSS&at_campaign=KARANGA,Watch highlights as France keep alive their dreams of a first Grand Slam and Six Nations title since 2010 with a tense 13-9 win over Wales.
Women's World Cup: 'Sensational!' - Matthews takes brilliant catch to remove Sharma,"Sat, 12 Mar 2022 02:26:00 GMT",https://www.bbc.co.uk/sport/av/cricket/60703936,https://www.bbc.co.uk/sport/av/cricket/60703936?at_medium=RSS&at_campaign=KARANGA,"West Indies' Hayley Matthews takes a ""sensational"" catch at first slip to remove India's Deepti Sharma during their Women's World Cup match in Hamilton."
Six Nations: Dan Biggar kept Wales in the game against France - Martin Johnson,"Fri, 11 Mar 2022 22:30:47 GMT",https://www.bbc.co.uk/sport/av/rugby-union/60714279,https://www.bbc.co.uk/sport/av/rugby-union/60714279?at_medium=RSS&at_campaign=KARANGA,"Martin Johnson praises Dan Biggar's ""very impressive"" performance in Wales' narrow 13-9 defeat to France at the Principality Stadium."
Ukraine war: Evacuations 'extremely difficult' amid shelling,"Sat, 12 Mar 2022 21:58:08 GMT",https://www.bbc.co.uk/news/world-europe-60721323,https://www.bbc.co.uk/news/world-europe-60721323?at_medium=RSS&at_campaign=KARANGA,New attempts are under way to get civilians out of bombed Ukrainian cities as Russia's attack intensifies.
Ukraine war: UK households offered £350 a month for hosting refugees,"Sun, 13 Mar 2022 01:03:18 GMT",https://www.bbc.co.uk/news/uk-60724111,https://www.bbc.co.uk/news/uk-60724111?at_medium=RSS&at_campaign=KARANGA,"Households are encouraged to join the ""national effort"", but critics say the plan falls short."
Roman Abramovich: Rabbi investigated over Portuguese citizenship,"Sat, 12 Mar 2022 23:39:14 GMT",https://www.bbc.co.uk/news/world-europe-60724509,https://www.bbc.co.uk/news/world-europe-60724509?at_medium=RSS&at_campaign=KARANGA,Daniel Litvak helped Russian billionaire Roman Abramovich obtain Portuguese citizenship.
Sarah Everard: Protesters demand 'radical change' to Met Police,"Sat, 12 Mar 2022 19:45:48 GMT",https://www.bbc.co.uk/news/uk-england-london-60720907,https://www.bbc.co.uk/news/uk-england-london-60720907?at_medium=RSS&at_campaign=KARANGA,"Protesters demand change a year since clashes with police at an unauthorised vigil for Sarah Everard,"
Scotland and Wales bid to be refugee super sponsors,"Sun, 13 Mar 2022 00:11:35 GMT",https://www.bbc.co.uk/news/uk-scotland-60722616,https://www.bbc.co.uk/news/uk-scotland-60722616?at_medium=RSS&at_campaign=KARANGA,The first ministers want Ukrainians to be housed quickly and given help with safeguarding and services.
Brexit: Micheál Martin and Boris Johnson discuss NI Protocol,"Sat, 12 Mar 2022 18:23:07 GMT",https://www.bbc.co.uk/news/uk-northern-ireland-60723231,https://www.bbc.co.uk/news/uk-northern-ireland-60723231?at_medium=RSS&at_campaign=KARANGA,Micheál Martin and Boris Johnson met prior to attending the Ireland-England rugby match on Saturday.
England in West Indies: Spirited tourists have to settle for draw in first Test,"Sat, 12 Mar 2022 22:12:52 GMT",https://www.bbc.co.uk/sport/cricket/60721663,https://www.bbc.co.uk/sport/cricket/60721663?at_medium=RSS&at_campaign=KARANGA,England have to settle for a draw in the first Test against West Indies despite a spirited performance on the final day in Antigua.
Ukraine war: Protests after Russians 'abduct' Melitopol mayor,"Sat, 12 Mar 2022 09:45:51 GMT",https://www.bbc.co.uk/news/world-europe-60719123,https://www.bbc.co.uk/news/world-europe-60719123?at_medium=RSS&at_campaign=KARANGA,"The president accuses the Russians of ""moving to a new stage of terror"" as Melitopol residents protest."
Boss accused of defrauding blind workers' pensions,"Sun, 13 Mar 2022 00:27:27 GMT",https://www.bbc.co.uk/news/business-60162686,https://www.bbc.co.uk/news/business-60162686?at_medium=RSS&at_campaign=KARANGA,"Blind staff at failed 168-year-old business say they are owed pay, redundancy and furlough money."
Saudi Arabia executes 81 men in one day,"Sat, 12 Mar 2022 15:17:09 GMT",https://www.bbc.co.uk/news/world-middle-east-60722057,https://www.bbc.co.uk/news/world-middle-east-60722057?at_medium=RSS&at_campaign=KARANGA,"The range of charges on which the men were convicted included terrorism and holding ""deviant beliefs""."
Body of missing hillwalker found in Glen Coe,"Sat, 12 Mar 2022 16:05:38 GMT",https://www.bbc.co.uk/news/uk-scotland-north-east-orkney-shetland-60722612,https://www.bbc.co.uk/news/uk-scotland-north-east-orkney-shetland-60722612?at_medium=RSS&at_campaign=KARANGA,"Neil Gillingham, from Kilmarnock, went missing on a walk with his dog last Sunday on Stob Coire Sgreamhach."
Rod Stewart fixes potholes near his Harlow home,"Sat, 12 Mar 2022 17:49:34 GMT",https://www.bbc.co.uk/news/uk-england-essex-60722727,https://www.bbc.co.uk/news/uk-england-essex-60722727?at_medium=RSS&at_campaign=KARANGA,The singer shovels gravel on the road and claims his Ferrari cannot get through the potholes.
Manchester United 3-2 Tottenham Hotspur: Cristiano Ronaldo scores hat-trick in thriller,"Sat, 12 Mar 2022 20:11:51 GMT",https://www.bbc.co.uk/sport/football/60628394,https://www.bbc.co.uk/sport/football/60628394?at_medium=RSS&at_campaign=KARANGA,Cristiano Ronaldo scores a hat-trick as Manchester United beat Tottenham to move into the Champions League places.
War in Ukraine: 'No one wants to die' - meeting Ukraine's teenage soldiers,"Sat, 12 Mar 2022 23:57:22 GMT",https://www.bbc.co.uk/news/world-europe-60724560,https://www.bbc.co.uk/news/world-europe-60724560?at_medium=RSS&at_campaign=KARANGA,Young volunteers swap their studies for assault rifles as they prepare to defend Kyiv from Russian forces.
Russia faces brain drain as thousands flee abroad,"Sun, 13 Mar 2022 01:41:10 GMT",https://www.bbc.co.uk/news/world-europe-60697763,https://www.bbc.co.uk/news/world-europe-60697763?at_medium=RSS&at_campaign=KARANGA,Many Russians who can afford it have fled to nearby countries since Russia invaded Ukraine.
Russia sanctions: How the measures have changed daily life,"Sun, 13 Mar 2022 01:34:57 GMT",https://www.bbc.co.uk/news/world-europe-60647543,https://www.bbc.co.uk/news/world-europe-60647543?at_medium=RSS&at_campaign=KARANGA,Prices are rising in Russia and some goods are harder to buy. Here are ways sanctions are affecting daily life.
Ukraine maps: At-a-glance guide to the Russia war,"Sat, 12 Mar 2022 17:28:30 GMT",https://www.bbc.co.uk/news/world-europe-60506682,https://www.bbc.co.uk/news/world-europe-60506682?at_medium=RSS&at_campaign=KARANGA,Russian troops have expanded their offensive as they continue attempts to cut off the capital Kyiv.
Ukraine: 'Not all Russians support this war',"Sun, 13 Mar 2022 00:02:13 GMT",https://www.bbc.co.uk/news/world-europe-60710975,https://www.bbc.co.uk/news/world-europe-60710975?at_medium=RSS&at_campaign=KARANGA,Yevgeny says it is his responsibility as a Russian to help Ukrainians.
The Papers: £350 a month refugee plan and plea to help orphans,"Sun, 13 Mar 2022 01:27:22 GMT",https://www.bbc.co.uk/news/blogs-the-papers-60724726,https://www.bbc.co.uk/news/blogs-the-papers-60724726?at_medium=RSS&at_campaign=KARANGA,The new scheme that will allow people in the UK to host Ukrainian refugees dominates the front pages.
Your pictures on the theme of 'urban landscape',"Sun, 13 Mar 2022 00:48:47 GMT",https://www.bbc.co.uk/news/in-pictures-60661075,https://www.bbc.co.uk/news/in-pictures-60661075?at_medium=RSS&at_campaign=KARANGA,A selection of striking images from our readers around the world.
The first sex worker strike: 'We are just women and mothers',"Sun, 13 Mar 2022 00:00:40 GMT",https://www.bbc.co.uk/news/stories-60692009,https://www.bbc.co.uk/news/stories-60692009?at_medium=RSS&at_campaign=KARANGA,"When 200 French sex workers took refuge in a church, it started a movement"
Ukraine war: Pictures of war intensifying in third week,"Sat, 12 Mar 2022 12:15:39 GMT",https://www.bbc.co.uk/news/world-europe-60720169,https://www.bbc.co.uk/news/world-europe-60720169?at_medium=RSS&at_campaign=KARANGA,Images from Russia's invasion of Ukraine show a conflict turning deadlier nearly three weeks on.
Console 'scalper' on stockpiling PlayStations for profit,"Sat, 12 Mar 2022 09:21:11 GMT",https://www.bbc.co.uk/news/technology-60719023,https://www.bbc.co.uk/news/technology-60719023?at_medium=RSS&at_campaign=KARANGA,Omar Mehtab spoke to a 'scalper;' a person who stockpiles popular products and resells them for profit.
Will Russia's attack on Ukraine help thaw US-Venezuela relations?,"Sun, 13 Mar 2022 00:23:15 GMT",https://www.bbc.co.uk/news/world-latin-america-60697017,https://www.bbc.co.uk/news/world-latin-america-60697017?at_medium=RSS&at_campaign=KARANGA,"The ban on Russian oil exports is causing prices to surge, and leaders are revisiting some awkward friendships."
Indian evacuee: The kindness of Ukrainians saved my life,"Sun, 13 Mar 2022 00:59:06 GMT",https://www.bbc.co.uk/news/world-asia-india-60650018,https://www.bbc.co.uk/news/world-asia-india-60650018?at_medium=RSS&at_campaign=KARANGA,"From an airstrike bunker to his mum's relieved hugs, Vishnu tells how he and his dog fled Ukraine to India."
Xenotransplantation: Are pigs the future of organ transplants?,"Sun, 13 Mar 2022 00:34:47 GMT",https://www.bbc.co.uk/news/health-60708120,https://www.bbc.co.uk/news/health-60708120?at_medium=RSS&at_campaign=KARANGA,"After a series of medical breakthroughs, will these animals solve the global shortage of organs?"
Bafta Awards 2022: Stars prepare to return to in-person ceremony,"Sun, 13 Mar 2022 00:54:17 GMT",https://www.bbc.co.uk/news/entertainment-arts-60675263,https://www.bbc.co.uk/news/entertainment-arts-60675263?at_medium=RSS&at_campaign=KARANGA,Australian star Rebel Wilson will host the full-capacity ceremony at London's Royal Albert Hall.
"'Without TikTok, I'd still be a wedding singer'","Sun, 13 Mar 2022 00:54:43 GMT",https://www.bbc.co.uk/news/technology-60706269,https://www.bbc.co.uk/news/technology-60706269?at_medium=RSS&at_campaign=KARANGA,The video-sharing platform's new SoundOn service will let people distribute their own music.
PGI status: Could Welsh leeks become the new Cornish pasty?,"Sat, 12 Mar 2022 21:53:54 GMT",https://www.bbc.co.uk/news/uk-wales-60523966,https://www.bbc.co.uk/news/uk-wales-60523966?at_medium=RSS&at_campaign=KARANGA,The humble vegetable could be about to join the likes of Cheddar Cheese and Cornish Pasties.
Isak Munda: The Orissa labourer who became a YouTube star,"Sun, 13 Mar 2022 00:59:28 GMT",https://www.bbc.co.uk/news/world-asia-india-60590121,https://www.bbc.co.uk/news/world-asia-india-60590121?at_medium=RSS&at_campaign=KARANGA,Isak Munda says the platform has changed his life since he started posting videos.
Ronaldo says there 'are no limits for Man Utd' - but has his hat-trick broken a world record?,"Sat, 12 Mar 2022 22:11:24 GMT",https://www.bbc.co.uk/sport/football/60723877,https://www.bbc.co.uk/sport/football/60723877?at_medium=RSS&at_campaign=KARANGA,"Cristiano Ronaldo says there ""are no limits"" for Manchester United after his hat-trick helps them beat Tottenham Hotspur."
Michael Conlan reveals he is OK after Leigh Wood retains world title with brutal knockout,"Sun, 13 Mar 2022 06:43:06 GMT",https://www.bbc.co.uk/sport/boxing/60724637,https://www.bbc.co.uk/sport/boxing/60724637?at_medium=RSS&at_campaign=KARANGA,Leigh Wood produces a brutal last-round knockout of Michael Conlan to retain his WBA featherweight title amid worrying scenes.
"West Indies draw a huge step forward, says England captain Root","Sat, 12 Mar 2022 23:56:16 GMT",https://www.bbc.co.uk/sport/cricket/60724786,https://www.bbc.co.uk/sport/cricket/60724786?at_medium=RSS&at_campaign=KARANGA,"England's draw against West Indies in the first Test is a ""huge step forward"" after a ""difficult year"", says captain Joe Root."
How England's 14 men whipped up Twickenham crowd with stirring display,"Sat, 12 Mar 2022 22:29:01 GMT",https://www.bbc.co.uk/sport/rugby-union/60722386,https://www.bbc.co.uk/sport/rugby-union/60722386?at_medium=RSS&at_campaign=KARANGA,England shred the script that came with Charlie Ewels' early red card with a performance of ferocious defence and unstinting belief.
'Salah must decide if he wants icon status - or money' - will Liverpool forward stay at Anfield?,"Sat, 12 Mar 2022 18:48:17 GMT",https://www.bbc.co.uk/sport/football/60722135,https://www.bbc.co.uk/sport/football/60722135?at_medium=RSS&at_campaign=KARANGA,Mohamed Salah scores as Liverpool beat Brighton at the end of a week in which speculation around his future at the club continued.
MOTD analysis: How 'sensational' Cristiano Ronaldo dominated Tottenham Hotspur,"Sun, 13 Mar 2022 00:15:19 GMT",https://www.bbc.co.uk/sport/av/football/60724399,https://www.bbc.co.uk/sport/av/football/60724399?at_medium=RSS&at_campaign=KARANGA,Match of the Day pundits Alan Shearer and Jermaine Jenas highlight the contribution of Cristiano Ronaldo after his hat-trick helped Manchester United beat Tottenham Hotspur 3-2 at Old Trafford.
Six Nations highlights: Ireland beat England to keep alive Six Nations hopes,"Sat, 12 Mar 2022 20:39:34 GMT",https://www.bbc.co.uk/sport/av/rugby-union/60722775,https://www.bbc.co.uk/sport/av/rugby-union/60722775?at_medium=RSS&at_campaign=KARANGA,Watch highlights as Ireland keep their hopes of a Six Nations title alive with a 32-15 victory over 14-man England at Twickenham.
Ukraine crisis: US warns China against helping Russia,"Mon, 14 Mar 2022 03:38:44 GMT",https://www.bbc.co.uk/news/world-asia-china-60732486,https://www.bbc.co.uk/news/world-asia-china-60732486?at_medium=RSS&at_campaign=KARANGA,US officials say Russia asked China for military support and help in evading sanctions.
Ukraine war: 21 children flown to UK for cancer treatment,"Mon, 14 Mar 2022 04:56:47 GMT",https://www.bbc.co.uk/news/uk-60731806,https://www.bbc.co.uk/news/uk-60731806?at_medium=RSS&at_campaign=KARANGA,The children and their immediate family members arrived on an urgent flight after a plea from Polish officials.
Bafta Film Awards: Benedict Cumberbatch's The Power of the Dog wins top prize,"Sun, 13 Mar 2022 21:04:30 GMT",https://www.bbc.co.uk/news/entertainment-arts-60675263,https://www.bbc.co.uk/news/entertainment-arts-60675263?at_medium=RSS&at_campaign=KARANGA,Benedict Cumberbatch wears a Ukraine badge to the ceremony and says he hopes to take in a refugee.
William Hurt: Oscar-winning actor and Marvel star dies at 71,"Mon, 14 Mar 2022 01:24:50 GMT",https://www.bbc.co.uk/news/entertainment-arts-60731686,https://www.bbc.co.uk/news/entertainment-arts-60731686?at_medium=RSS&at_campaign=KARANGA,His roles ranged from acclaimed 1980s dramas to playing General Thaddeus Ross in five Marvel films.
Tom Brady: NFL great makes retirement U-turn after just six weeks,"Mon, 14 Mar 2022 00:18:20 GMT",https://www.bbc.co.uk/sport/american-football/60731983,https://www.bbc.co.uk/sport/american-football/60731983?at_medium=RSS&at_campaign=KARANGA,"Tom Brady, one of the greatest players in the history of the NFL, is coming back for his 23rd season just a month after announcing his retirement."
Ukraine war: UK refugee scheme set to launch,"Mon, 14 Mar 2022 04:04:51 GMT",https://www.bbc.co.uk/news/uk-60731485,https://www.bbc.co.uk/news/uk-60731485?at_medium=RSS&at_campaign=KARANGA,"It is hoped tens of thousands of displaced people will benefit from the plan, the government says."
Brent Renaud: US journalist and filmmaker killed in Ukraine,"Sun, 13 Mar 2022 21:44:33 GMT",https://www.bbc.co.uk/news/world-europe-60729276,https://www.bbc.co.uk/news/world-europe-60729276?at_medium=RSS&at_campaign=KARANGA,It is the first reported death of a foreign journalist covering the war in Ukraine.
Hong Kong: Briton accused of jeopardising China's security,"Mon, 14 Mar 2022 05:45:06 GMT",https://www.bbc.co.uk/news/uk-60732949,https://www.bbc.co.uk/news/uk-60732949?at_medium=RSS&at_campaign=KARANGA,"Human rights activist is threatened with jail for ""collusion with foreign forces"" over Hong Kong campaign."
"No-one raised security concerns over Lord Lebedev with me, says Michael Gove","Sun, 13 Mar 2022 12:44:48 GMT",https://www.bbc.co.uk/news/uk-politics-60727297,https://www.bbc.co.uk/news/uk-politics-60727297?at_medium=RSS&at_campaign=KARANGA,"Minister says process to become peer is ""rigorous"" after questions about businessman's appointment."
Irbil attack: Iran launches missiles at northern Iraqi city,"Sun, 13 Mar 2022 14:59:14 GMT",https://www.bbc.co.uk/news/world-middle-east-60725959,https://www.bbc.co.uk/news/world-middle-east-60725959?at_medium=RSS&at_campaign=KARANGA,Iraqi officials reject Iran's claim that it hit an Israeli facility near the US consulate in Irbil.
Chelsea 1-0 Newcastle United: Kai Havertz's late goal gives hosts three points,"Sun, 13 Mar 2022 16:42:12 GMT",https://www.bbc.co.uk/sport/football/60635693,https://www.bbc.co.uk/sport/football/60635693?at_medium=RSS&at_campaign=KARANGA,Chelsea snatch a dramatic late winner to beat Newcastle in the first game at Stamford Bridge since Blues' Russian owner Roman Abramovich was sanctioned by the UK government.
Unions warn of job losses if rail firms close ticket offices,"Sun, 13 Mar 2022 22:22:35 GMT",https://www.bbc.co.uk/news/business-60729901,https://www.bbc.co.uk/news/business-60729901?at_medium=RSS&at_campaign=KARANGA,Train operators are talking to unions about how to address job changes in a bid to modernise the railways
Rod Stewart: Videos prompts pothole DIY repair warning,"Sun, 13 Mar 2022 13:16:18 GMT",https://www.bbc.co.uk/news/uk-england-essex-60727187,https://www.bbc.co.uk/news/uk-england-essex-60727187?at_medium=RSS&at_campaign=KARANGA,A council urges people not to attempt road repairs themselves after the singer was filmed doing it.
Zhytomyr: Aerial attacks hit city that is corridor to Kyiv,"Mon, 14 Mar 2022 00:39:01 GMT",https://www.bbc.co.uk/news/world-europe-60729216,https://www.bbc.co.uk/news/world-europe-60729216?at_medium=RSS&at_campaign=KARANGA,"Zhytomyr, in north-west Ukraine, is facing intense daily attacks. Why is it being bombed so heavily?"
Ukraine war: Zelensky visits wounded Ukrainian soldiers,"Sun, 13 Mar 2022 22:47:01 GMT",https://www.bbc.co.uk/news/world-60731908,https://www.bbc.co.uk/news/world-60731908?at_medium=RSS&at_campaign=KARANGA,Ukraine's president gives medals to injured troops and the hospital workers caring for them.
How to spot false posts from Ukraine,"Mon, 14 Mar 2022 00:48:17 GMT",https://www.bbc.co.uk/news/blogs-trending-60654288,https://www.bbc.co.uk/news/blogs-trending-60654288?at_medium=RSS&at_campaign=KARANGA,Ways to slow the spread of bad information and false posts from the war.
Ukraine war: Five times refugees were met with kindness,"Mon, 14 Mar 2022 00:01:03 GMT",https://www.bbc.co.uk/news/world-60730945,https://www.bbc.co.uk/news/world-60730945?at_medium=RSS&at_campaign=KARANGA,"From toys to flowers, refugees fleeing the war in Ukraine are warmly greeted by strangers in Europe."
Poland feels the strain of Ukraine's refugees,"Sun, 13 Mar 2022 20:16:17 GMT",https://www.bbc.co.uk/news/world-europe-60731369,https://www.bbc.co.uk/news/world-europe-60731369?at_medium=RSS&at_campaign=KARANGA,The eastern town of Zamosc has welcomed thousands of refugees but locals wonder how long they can cope.
War in Ukraine: What happened on day 18 of Russia's invasion,"Sun, 13 Mar 2022 20:26:55 GMT",https://www.bbc.co.uk/news/world-europe-60730367,https://www.bbc.co.uk/news/world-europe-60730367?at_medium=RSS&at_campaign=KARANGA,"A military base near the Polish border is attacked, and the UK announces a scheme to house refugees."
Why I want to share my home with a Ukrainian refugee,"Sun, 13 Mar 2022 13:41:18 GMT",https://www.bbc.co.uk/news/uk-60727293,https://www.bbc.co.uk/news/uk-60727293?at_medium=RSS&at_campaign=KARANGA,"John Rutherford has already hosted two refugees, and is open to offering a room to a Ukrainian."
War in Ukraine: Uni to uniform - Ukraine's new teenage army recruits,"Sat, 12 Mar 2022 23:57:22 GMT",https://www.bbc.co.uk/news/world-europe-60724560,https://www.bbc.co.uk/news/world-europe-60724560?at_medium=RSS&at_campaign=KARANGA,Young volunteers swap their studies for assault rifles as they prepare to defend Kyiv from Russian forces.
Newspaper headlines: 'War at Nato's door' as Putin has 'West in sights',"Mon, 14 Mar 2022 06:03:25 GMT",https://www.bbc.co.uk/news/blogs-the-papers-60731666,https://www.bbc.co.uk/news/blogs-the-papers-60731666?at_medium=RSS&at_campaign=KARANGA,"Russia's missile strike on a military base in the west of Ukraine carried a warning, Monday's papers suggest."
Baftas 2022: Seven highlights - from the jokes to the dresses,"Mon, 14 Mar 2022 01:50:38 GMT",https://www.bbc.co.uk/news/entertainment-arts-60730808,https://www.bbc.co.uk/news/entertainment-arts-60730808?at_medium=RSS&at_campaign=KARANGA,Rebel Wilson made an assured hosting debut while West Side Story stars showed solidarity with Ukraine.
The Syrian women replacing men as leaders,"Mon, 14 Mar 2022 00:07:00 GMT",https://www.bbc.co.uk/news/world-middle-east-60682214,https://www.bbc.co.uk/news/world-middle-east-60682214?at_medium=RSS&at_campaign=KARANGA,"Syrian refugees in Lebanon have elected women as leaders of some camps, breaking traditional social norms."
Brent Renaud: Friend of US journalist killed in Ukraine speaks to BBC,"Sun, 13 Mar 2022 19:58:08 GMT",https://www.bbc.co.uk/news/world-europe-60730773,https://www.bbc.co.uk/news/world-europe-60730773?at_medium=RSS&at_campaign=KARANGA,"Mea last spoke to Brent four days ago, and says he was excited to work on a documentary in Ukraine."
Northumberland farm welcomes five-legged lamb,"Sun, 13 Mar 2022 07:25:12 GMT",https://www.bbc.co.uk/news/uk-england-tyne-60715158,https://www.bbc.co.uk/news/uk-england-tyne-60715158?at_medium=RSS&at_campaign=KARANGA,It is the second time Whitehouse Farm in Northumberland has had a lamb with an extra limb.
Reproductive coercion: 'I wasn't allowed to take my pill',"Mon, 14 Mar 2022 01:15:17 GMT",https://www.bbc.co.uk/news/newsbeat-60646285,https://www.bbc.co.uk/news/newsbeat-60646285?at_medium=RSS&at_campaign=KARANGA,A BBC poll suggests 50% of UK women under 45 have experienced a form of reproductive coercion.
British food: How traditional firms are faring under pressure,"Sun, 13 Mar 2022 08:11:30 GMT",https://www.bbc.co.uk/news/uk-england-nottinghamshire-60304829,https://www.bbc.co.uk/news/uk-england-nottinghamshire-60304829?at_medium=RSS&at_campaign=KARANGA,Stilton and pork pie makers have survived for centuries - but what does the future hold?
'I thought I had Covid but it was terminal lung cancer',"Mon, 14 Mar 2022 06:04:45 GMT",https://www.bbc.co.uk/news/uk-wales-60696837,https://www.bbc.co.uk/news/uk-wales-60696837?at_medium=RSS&at_campaign=KARANGA,Doctors call for targeted lung cancer screening to catch cases early and reduce deaths by 20%.
The innovative surfing tech making waves,"Mon, 14 Mar 2022 00:18:49 GMT",https://www.bbc.co.uk/news/business-60689501,https://www.bbc.co.uk/news/business-60689501?at_medium=RSS&at_campaign=KARANGA,"The sport of surfing is modernising, using technology to offer bigger, better and safer thrills."
Deep listening: I realised we all share the same human feelings,"Mon, 14 Mar 2022 00:29:01 GMT",https://www.bbc.co.uk/news/world-60558016,https://www.bbc.co.uk/news/world-60558016?at_medium=RSS&at_campaign=KARANGA,Hawraa was part of a project which encouraged Lebanese citizens with conflicting views to listen to each other.
Rosacea: 'Your skin doesn't define you',"Mon, 14 Mar 2022 00:33:55 GMT",https://www.bbc.co.uk/news/uk-england-lincolnshire-60487031,https://www.bbc.co.uk/news/uk-england-lincolnshire-60487031?at_medium=RSS&at_campaign=KARANGA,People diagnosed with the skin condition rosacea talk about its impact on their mental health.
The Muslim women learning to ride a bike in their 40s,"Mon, 14 Mar 2022 06:50:21 GMT",https://www.bbc.co.uk/news/uk-scotland-glasgow-west-60710565,https://www.bbc.co.uk/news/uk-scotland-glasgow-west-60710565?at_medium=RSS&at_campaign=KARANGA,Hijabi riders is introducing cycling to Muslim women who never learned to ride a bike as a child.
'No doubt I'll stay until end of season' - Tuchel pledges future as Chelsea taking things 'day by day',"Sun, 13 Mar 2022 18:31:07 GMT",https://www.bbc.co.uk/sport/football/60730591,https://www.bbc.co.uk/sport/football/60730591?at_medium=RSS&at_campaign=KARANGA,"Chelsea boss Thomas Tuchel says he and his players should fight for everyone at the club after insisting he'll stay at least ""until the end of the season""."
'So emotional for me' - Ukraine's Yarmolenko scores as West Ham beat Aston Villa,"Sun, 13 Mar 2022 18:35:17 GMT",https://www.bbc.co.uk/sport/football/60635701,https://www.bbc.co.uk/sport/football/60635701?at_medium=RSS&at_campaign=KARANGA,Ukraine international Andriy Yarmolenko scores the opener against Aston Villa in his first West Ham appearance since the outbreak of war in his native country.
"Garth Crooks' Team of the Week: Ronaldo, Diaz, Eriksen, Yarmolenko, Rudiger","Sun, 13 Mar 2022 21:37:16 GMT",https://www.bbc.co.uk/sport/football/60730914,https://www.bbc.co.uk/sport/football/60730914?at_medium=RSS&at_campaign=KARANGA,Who got Garth into trouble at the petrol station? Which striker might be a good buy for Arsenal? Find out in Garth Crooks' latest Team of the Week.
Matt Dawson column: England’s Ireland loss is gold dust for World Cup,"Sun, 13 Mar 2022 17:48:54 GMT",https://www.bbc.co.uk/sport/rugby-union/60729793,https://www.bbc.co.uk/sport/rugby-union/60729793?at_medium=RSS&at_campaign=KARANGA,Ex-England scrum-half Matt Dawson explains why England's loss to Ireland is gold dust and how they might beat France on Saturday.
Women's World Cup: Watch bizarre Nat Sciver dismissal for England against South Africa,"Mon, 14 Mar 2022 02:26:57 GMT",https://www.bbc.co.uk/sport/av/cricket/60732595,https://www.bbc.co.uk/sport/av/cricket/60732595?at_medium=RSS&at_campaign=KARANGA,Watch Nat Sciver's bizarre dismissal as the England all-rounder manages to hit it to slip off the back of her bat leaving England 42-3.
MOTD2 analysis: Could Patrick Bamford be the difference for Leeds United?,"Mon, 14 Mar 2022 00:24:04 GMT",https://www.bbc.co.uk/sport/av/football/60732205,https://www.bbc.co.uk/sport/av/football/60732205?at_medium=RSS&at_campaign=KARANGA,Match of the Day 2 pundit and ex-England striker Ian Wright highlights the contribution that Patrick Bamford made for Leeds United in Sunday's 2-1 win over Norwich City.
Ukraine war: Editor interrupts Russian TV news show,"Mon, 14 Mar 2022 22:09:03 GMT",https://www.bbc.co.uk/news/world-europe-60744605,https://www.bbc.co.uk/news/world-europe-60744605?at_medium=RSS&at_campaign=KARANGA,The staffer held a sign reading 'no war' behind a newsreader on Russian state-controlled TV.
Homes for Ukraine refugee scheme launches in UK,"Tue, 15 Mar 2022 01:03:36 GMT",https://www.bbc.co.uk/news/uk-60741942,https://www.bbc.co.uk/news/uk-60741942?at_medium=RSS&at_campaign=KARANGA,Those wanting to host an individual or family from Ukraine can now register their interest online.
Ukraine war: West made 'terrible mistake' after Crimea - PM,"Tue, 15 Mar 2022 05:21:09 GMT",https://www.bbc.co.uk/news/uk-60745961,https://www.bbc.co.uk/news/uk-60745961?at_medium=RSS&at_campaign=KARANGA,"Boris Johnson says the West allowed President Putin to ""get away"" with annexing the peninsula in 2014."
Roman Abramovich: New evidence highlights corrupt deals,"Mon, 14 Mar 2022 17:01:57 GMT",https://www.bbc.co.uk/news/world-europe-60736185,https://www.bbc.co.uk/news/world-europe-60736185?at_medium=RSS&at_campaign=KARANGA,BBC Panorama uncovers new evidence on the corrupt deals that helped Chelsea's owner make his fortune.
NHS struggling with 'long tail' of pandemic mental ill health,"Tue, 15 Mar 2022 00:07:45 GMT",https://www.bbc.co.uk/news/health-60734769,https://www.bbc.co.uk/news/health-60734769?at_medium=RSS&at_campaign=KARANGA,There were 4.3 million NHS referrals for conditions such as anxiety and depression in 2021 across England.
Ukraine war: Pub dedicated to Hemingway destroyed in Kharkiv,"Mon, 14 Mar 2022 21:39:57 GMT",https://www.bbc.co.uk/news/world-europe-60742255,https://www.bbc.co.uk/news/world-europe-60742255?at_medium=RSS&at_campaign=KARANGA,The Old Hem pub in Kharkiv was a well-known hangout for young poets and musicians.
Scotland's decision day for easing final Covid rules,"Mon, 14 Mar 2022 22:53:25 GMT",https://www.bbc.co.uk/news/uk-scotland-60736253,https://www.bbc.co.uk/news/uk-scotland-60736253?at_medium=RSS&at_campaign=KARANGA,Nicola Sturgeon will announce whether the last measures will end as planned on Monday amid a new surge.
Russia-Ukraine war: British Fox News journalist injured,"Mon, 14 Mar 2022 22:31:52 GMT",https://www.bbc.co.uk/news/world-us-canada-60741229,https://www.bbc.co.uk/news/world-us-canada-60741229?at_medium=RSS&at_campaign=KARANGA,"Benjamin Hall, 39, was reportedly news gathering outside Kyiv at the time of Monday's incident."
Putin changes law on leased jets to keep them flying,"Mon, 14 Mar 2022 18:21:38 GMT",https://www.bbc.co.uk/news/business-60741161,https://www.bbc.co.uk/news/business-60741161?at_medium=RSS&at_campaign=KARANGA,The Russian president signs new law allowing foreign-leased jets to keep flying in Russia.
Ukraine: Eight arrests at oligarch's London mansion after balcony protest,"Mon, 14 Mar 2022 21:21:13 GMT",https://www.bbc.co.uk/news/uk-england-london-60736583,https://www.bbc.co.uk/news/uk-england-london-60736583?at_medium=RSS&at_campaign=KARANGA,"Protesters wanted the property, believed to be owned by Oleg Deripaska, to house Ukrainian refugees."
China: Businesses shut as officials widen Covid lockdowns,"Tue, 15 Mar 2022 04:49:41 GMT",https://www.bbc.co.uk/news/world-asia-china-60703301,https://www.bbc.co.uk/news/world-asia-china-60703301?at_medium=RSS&at_campaign=KARANGA,"Toyota, Volkswagen and Apple supplier Foxconn are among firms halting their operations."
Outdoor civil weddings and partnerships here to stay,"Tue, 15 Mar 2022 00:08:08 GMT",https://www.bbc.co.uk/news/uk-60745573,https://www.bbc.co.uk/news/uk-60745573?at_medium=RSS&at_campaign=KARANGA,Non-religious ceremonies in England and Wales were first allowed outside during the pandemic.
Cheltenham Festival 2022: What to watch out for at four-day meeting,"Mon, 14 Mar 2022 14:02:15 GMT",https://www.bbc.co.uk/sport/horse-racing/60678008,https://www.bbc.co.uk/sport/horse-racing/60678008?at_medium=RSS&at_campaign=KARANGA,What to watch out for as racing's four-day Cheltenham Festival starts on Tuesday with spectators back for the first time in two years.
Ukraine war: A baby born under bombardment in Bucha,"Tue, 15 Mar 2022 00:49:38 GMT",https://www.bbc.co.uk/news/world-europe-60739206,https://www.bbc.co.uk/news/world-europe-60739206?at_medium=RSS&at_campaign=KARANGA,"Unable to flee, Anna gave birth at home in Ukraine without medical assistance, electricity or running water."
"Ukraine war: Kyiv terrain will slow Russian troops, say Ukraine generals","Tue, 15 Mar 2022 00:52:17 GMT",https://www.bbc.co.uk/news/world-europe-60745493,https://www.bbc.co.uk/news/world-europe-60745493?at_medium=RSS&at_campaign=KARANGA,"Rivers and marshes help to protect the capital city, but it is still vulnerable to Russian missiles."
How to sponsor Ukrainian refugees and offer them a UK home,"Mon, 14 Mar 2022 17:55:20 GMT",https://www.bbc.co.uk/news/60735121,https://www.bbc.co.uk/news/60735121?at_medium=RSS&at_campaign=KARANGA,"The government has announced details of the ""Homes For Ukraine"" scheme"
War in Ukraine: What happened on day 19 of Russia's invasion,"Mon, 14 Mar 2022 22:51:09 GMT",https://www.bbc.co.uk/news/world-europe-60741338,https://www.bbc.co.uk/news/world-europe-60741338?at_medium=RSS&at_campaign=KARANGA,"Drone footage shows destruction of Mariupol, and protesters target an oligarch's London mansion."
Mass graves in Ukraine: Battered cities are digging makeshift burial sites,"Mon, 14 Mar 2022 12:25:35 GMT",https://www.bbc.co.uk/news/world-europe-60729206,https://www.bbc.co.uk/news/world-europe-60729206?at_medium=RSS&at_campaign=KARANGA,Street cleaners are collecting bodies as besieged locals resort to burying civilians in trenches.
WATCH: Residents rescued after Kyiv apartment block strike,"Mon, 14 Mar 2022 07:54:49 GMT",https://www.bbc.co.uk/news/world-europe-60733921,https://www.bbc.co.uk/news/world-europe-60733921?at_medium=RSS&at_campaign=KARANGA,At least one person was killed when the residential building in the Ukrainian capital was hit.
Ukraine war: Drone shots show Mariupol devastated by fighting,"Mon, 14 Mar 2022 13:34:51 GMT",https://www.bbc.co.uk/news/world-europe-60733927,https://www.bbc.co.uk/news/world-europe-60733927?at_medium=RSS&at_campaign=KARANGA,Thousands of civilians have been trapped in the Ukrainian port city for nearly two weeks
Newspaper headlines: 'Rush to take in Ukrainians' and 'you're Putin us up mate',"Mon, 14 Mar 2022 23:59:40 GMT",https://www.bbc.co.uk/news/blogs-the-papers-60745253,https://www.bbc.co.uk/news/blogs-the-papers-60745253?at_medium=RSS&at_campaign=KARANGA,"Most papers lead on a scheme for the public to host refugees, as protesters occupy an oligarch's mansion."
March 4 Justice: Has anything changed for Australian women?,"Tue, 15 Mar 2022 00:08:15 GMT",https://www.bbc.co.uk/news/world-australia-60732889,https://www.bbc.co.uk/news/world-australia-60732889?at_medium=RSS&at_campaign=KARANGA,"One year ago, rape and misconduct allegations in Canberra sparked massive protests nationwide."
Science and tech: The app founder inspiring kids,"Tue, 15 Mar 2022 00:05:54 GMT",https://www.bbc.co.uk/news/science-environment-60736708,https://www.bbc.co.uk/news/science-environment-60736708?at_medium=RSS&at_campaign=KARANGA,Pearce Jarrett is the founder of an award-winning app but didn't originally think it was a career for him.
How barista training opens doors for refugees,"Tue, 15 Mar 2022 00:02:43 GMT",https://www.bbc.co.uk/news/business-60683648,https://www.bbc.co.uk/news/business-60683648?at_medium=RSS&at_campaign=KARANGA,Pranav Chopra founded a social enterprise scheme that empowers refugees into work.
'Double tap' attacks in Yemen's civil war,"Tue, 15 Mar 2022 00:03:55 GMT",https://www.bbc.co.uk/news/world-middle-east-60742504,https://www.bbc.co.uk/news/world-middle-east-60742504?at_medium=RSS&at_campaign=KARANGA,The country has seen some of the worst violence of the conflict in the past 12 months.
Baftas 2022: Encanto director takes glasses campaigner to London ceremony,"Mon, 14 Mar 2022 16:27:33 GMT",https://www.bbc.co.uk/news/entertainment-arts-60740945,https://www.bbc.co.uk/news/entertainment-arts-60740945?at_medium=RSS&at_campaign=KARANGA,12-year-old Lowri was invited to the Baftas after asking Disney to portray more characters in glasses.
Hamilton to change name to include mother's surname,"Mon, 14 Mar 2022 15:44:43 GMT",https://www.bbc.co.uk/sport/formula1/60738120,https://www.bbc.co.uk/sport/formula1/60738120?at_medium=RSS&at_campaign=KARANGA,Seven-time world champion Lewis Hamilton says he will change his name to incorporate his mother's surname.
"Inflation: Sports bras in, doughnuts out of cost of living measure","Mon, 14 Mar 2022 14:57:40 GMT",https://www.bbc.co.uk/news/business-60734386,https://www.bbc.co.uk/news/business-60734386?at_medium=RSS&at_campaign=KARANGA,Pet collars and frozen Yorkshire puddings are other goods now used to measure changes in the cost of living.
Northern Lights: Powerful aurora borealis display above Scotland,"Mon, 14 Mar 2022 11:30:04 GMT",https://www.bbc.co.uk/news/uk-scotland-highlands-islands-60736323,https://www.bbc.co.uk/news/uk-scotland-highlands-islands-60736323?at_medium=RSS&at_campaign=KARANGA,The Northern Lights display comes as the chances of seeing the space weather are increased.
Ukraine war: Silent streets in wiped out Donetsk town,"Mon, 14 Mar 2022 14:10:08 GMT",https://www.bbc.co.uk/news/world-europe-60739681,https://www.bbc.co.uk/news/world-europe-60739681?at_medium=RSS&at_campaign=KARANGA,"Volnovakha, a town in Donetsk region, eastern Ukraine, has been decimated by fighting."
Behind the scenes on the nearly-ready Crossrail project,"Mon, 14 Mar 2022 06:18:45 GMT",https://www.bbc.co.uk/news/uk-england-london-60707959,https://www.bbc.co.uk/news/uk-england-london-60707959?at_medium=RSS&at_campaign=KARANGA,"The safety exercises on Crossrail are entering their final stages, meaning it could open in months."
The popular apps aiming to tame the chaos of family life,"Tue, 15 Mar 2022 00:22:57 GMT",https://www.bbc.co.uk/news/business-60213795,https://www.bbc.co.uk/news/business-60213795?at_medium=RSS&at_campaign=KARANGA,How tech is helping young families and couples regain their busy social lives after Covid.
Ukraine war: Fears Russian aggression could spill into Poland,"Tue, 15 Mar 2022 04:47:49 GMT",https://www.bbc.co.uk/news/world-europe-60746437,https://www.bbc.co.uk/news/world-europe-60746437?at_medium=RSS&at_campaign=KARANGA,The influx of refugees and Russian security threats leaves Poland feeling vulnerable.
Covid: Generation of musicians 'devastated' by restrictions,"Mon, 14 Mar 2022 22:57:12 GMT",https://www.bbc.co.uk/news/uk-wales-60662347,https://www.bbc.co.uk/news/uk-wales-60662347?at_medium=RSS&at_campaign=KARANGA,"Only Boys Aloud's founder says people lose the ""freedom to let rip and sing"" over Zoom."
War in Ukraine: Why Vladimir Putin couldn't have trained fighters in Africa,"Tue, 15 Mar 2022 00:40:37 GMT",https://www.bbc.co.uk/news/60705629,https://www.bbc.co.uk/news/60705629?at_medium=RSS&at_campaign=KARANGA,A misleading photo has been used by some to suggest the continent should support Russia in Ukraine.
Ukraine conflict: What military and economic support could China offer Russia?,"Mon, 14 Mar 2022 17:15:27 GMT",https://www.bbc.co.uk/news/60571253,https://www.bbc.co.uk/news/60571253?at_medium=RSS&at_campaign=KARANGA,The two have close economic and military ties - but could China come to Russia's aid?
Chelsea & Roman Abramovich: Is this a moment of reckoning for English football ownership?,"Mon, 14 Mar 2022 13:41:46 GMT",https://www.bbc.co.uk/sport/football/60734095,https://www.bbc.co.uk/sport/football/60734095?at_medium=RSS&at_campaign=KARANGA,"With the risk of clubs becoming involved in geopolitics now exposed, football authorities and the government face questions over ownership in English football this week."
Cancer: 'I thought I had Covid but it was terminal lung cancer',"Mon, 14 Mar 2022 11:51:25 GMT",https://www.bbc.co.uk/news/uk-wales-60696837,https://www.bbc.co.uk/news/uk-wales-60696837?at_medium=RSS&at_campaign=KARANGA,Doctors call for targeted lung cancer screening to catch cases early and reduce deaths by 20%.
How many refugees have fled Ukraine and where are they going?,"Mon, 14 Mar 2022 16:25:09 GMT",https://www.bbc.co.uk/news/world-60555472,https://www.bbc.co.uk/news/world-60555472?at_medium=RSS&at_campaign=KARANGA,The UN says four million people may try to escape the war in Ukraine.
Australian Smith holds off England's Casey to win Players Championship and $3.6m,"Mon, 14 Mar 2022 23:36:33 GMT",https://www.bbc.co.uk/sport/golf/60741213,https://www.bbc.co.uk/sport/golf/60741213?at_medium=RSS&at_campaign=KARANGA,Cameron Smith claims the biggest win of his career as a Players Championship that featured storm delays and near freezing temperatures concludes in warm sunshine at TPC Sawgrass in Florida.
"Better to be in our position than Liverpool's, says Man City's Silva","Mon, 14 Mar 2022 23:51:38 GMT",https://www.bbc.co.uk/sport/football/60745687,https://www.bbc.co.uk/sport/football/60745687?at_medium=RSS&at_campaign=KARANGA,"Manchester City midfielder Bernardo Silva says his side are ""still in a better position"" than title rivals Liverpool."
Nadal beats GB's Evans at Indian Wells to continue unbeaten run,"Mon, 14 Mar 2022 23:37:26 GMT",https://www.bbc.co.uk/sport/tennis/60742864,https://www.bbc.co.uk/sport/tennis/60742864?at_medium=RSS&at_campaign=KARANGA,Rafael Nadal extends his unbeaten run in 2022 to 17 matches by beating Britain's Dan Evans at Indian Wells.
Celtic ease by Dundee Utd into Scottish Cup last four,"Mon, 14 Mar 2022 21:37:19 GMT",https://www.bbc.co.uk/sport/football/60642779,https://www.bbc.co.uk/sport/football/60642779?at_medium=RSS&at_campaign=KARANGA,Giorgos Giakoumakis scores twice after Callum McGregor's opener as Celtic beat Dundee United to book their place in the semi-finals of the Scottish Cup.
Palace hold wasteful Man City to draw,"Mon, 14 Mar 2022 22:17:54 GMT",https://www.bbc.co.uk/sport/football/60642772,https://www.bbc.co.uk/sport/football/60642772?at_medium=RSS&at_campaign=KARANGA,Manchester City miss their chance to go six points clear at the top of the Premier League as they are held by Crystal Palace.
Women's World Cup: Perry & Gardner star as clinical Australia beat Windies,"Tue, 15 Mar 2022 04:43:27 GMT",https://www.bbc.co.uk/sport/av/cricket/60746687,https://www.bbc.co.uk/sport/av/cricket/60746687?at_medium=RSS&at_campaign=KARANGA,Ellyse Perry and Ashleigh Gardner take three wickets each in a clinical bowling performance by Australia as they beat West Indies by seven wickets.
Ukraine war: European leaders risk train ride to meet Zelensky,"Wed, 16 Mar 2022 03:01:05 GMT",https://www.bbc.co.uk/news/world-europe-60757157,https://www.bbc.co.uk/news/world-europe-60757157?at_medium=RSS&at_campaign=KARANGA,"After a perilous train journey from Poland to Kyiv, European leaders tell Ukraine 'you're not alone'."
Boris Johnson to visit Saudi Arabia in bid to ditch Russian oil,"Wed, 16 Mar 2022 05:55:45 GMT",https://www.bbc.co.uk/news/uk-politics-60754163,https://www.bbc.co.uk/news/uk-politics-60754163?at_medium=RSS&at_campaign=KARANGA,"Boris Johnson aims to build an ""international coalition"" against President Putin, and secure energy supplies."
Ukraine war: Two women in Kyiv tower blocks record their new life under siege,"Wed, 16 Mar 2022 00:01:42 GMT",https://www.bbc.co.uk/news/world-europe-60752278,https://www.bbc.co.uk/news/world-europe-60752278?at_medium=RSS&at_campaign=KARANGA,Two Ukrainian women have kept a video diary recording their new lives while under attack from Russia.
The Western brands unable to leave Russia,"Wed, 16 Mar 2022 00:02:06 GMT",https://www.bbc.co.uk/news/business-60733389,https://www.bbc.co.uk/news/business-60733389?at_medium=RSS&at_campaign=KARANGA,"As many firms look to withdraw from Russia, some are unable to due to complex deals arranged in the country."
Met Police apologises for strip-search of Hackney schoolgirl,"Tue, 15 Mar 2022 20:20:06 GMT",https://www.bbc.co.uk/news/uk-england-london-60757031,https://www.bbc.co.uk/news/uk-england-london-60757031?at_medium=RSS&at_campaign=KARANGA,"A safeguarding report concludes the drugs search was unjustified and racism was a ""likely"" factor."
"New Zealand border to reopen from next month, PM Ardern says","Wed, 16 Mar 2022 01:24:03 GMT",https://www.bbc.co.uk/news/world-asia-60760435,https://www.bbc.co.uk/news/world-asia-60760435?at_medium=RSS&at_campaign=KARANGA,"PM Jacinda Ardern says they are 'ready to welcome the world back', beginning with Australians."
The tragedy of Afghanistan's malnourished children,"Wed, 16 Mar 2022 00:06:50 GMT",https://www.bbc.co.uk/news/world-asia-60466398,https://www.bbc.co.uk/news/world-asia-60466398?at_medium=RSS&at_campaign=KARANGA,The country's very youngest are casualties of a hunger crisis.
"Nazanin Zaghari-Ratcliffe has UK passport returned, MP says","Tue, 15 Mar 2022 22:13:05 GMT",https://www.bbc.co.uk/news/uk-60749863,https://www.bbc.co.uk/news/uk-60749863?at_medium=RSS&at_campaign=KARANGA,The British-Iranian woman has been detained in Iran on spying charges for nearly six years.
Church of England pressures TotalEnergies over Russia business,"Wed, 16 Mar 2022 02:13:05 GMT",https://www.bbc.co.uk/news/business-60760375,https://www.bbc.co.uk/news/business-60760375?at_medium=RSS&at_campaign=KARANGA,"The church's investment funds want TotalEnergies to leave Russia, like rivals BP and Shell."
"North Korea fires missile but launch fails, says South","Wed, 16 Mar 2022 04:48:32 GMT",https://www.bbc.co.uk/news/world-asia-60760766,https://www.bbc.co.uk/news/world-asia-60760766?at_medium=RSS&at_campaign=KARANGA,It comes as the hermit country has in recent weeks stepped up its weapons testing.
Heathrow Airport drops Covid face mask rules,"Wed, 16 Mar 2022 00:04:17 GMT",https://www.bbc.co.uk/news/business-60757887,https://www.bbc.co.uk/news/business-60757887?at_medium=RSS&at_campaign=KARANGA,The UK's largest airport joins British Airways and Virgin Atlantic in easing mask-wearing rules.
Royal Society of Chemistry report says racism 'pervasive',"Wed, 16 Mar 2022 05:11:07 GMT",https://www.bbc.co.uk/news/science-environment-60708712,https://www.bbc.co.uk/news/science-environment-60708712?at_medium=RSS&at_campaign=KARANGA,"Racism is ""pervasive"" in chemical sciences, according to an investigation by the Royal Society of Chemistry."
Government overseen years of decline in NHS - MPs,"Wed, 16 Mar 2022 00:17:31 GMT",https://www.bbc.co.uk/news/health-60754227,https://www.bbc.co.uk/news/health-60754227?at_medium=RSS&at_campaign=KARANGA,"Failures in England pre-date the pandemic, as waiting times rise, a cross-party group says."
Pregnant women should be asked how much they drink,"Wed, 16 Mar 2022 00:29:07 GMT",https://www.bbc.co.uk/news/health-60755520,https://www.bbc.co.uk/news/health-60755520?at_medium=RSS&at_campaign=KARANGA,"Recording drinking in patients' notes will help spot patterns that can harm babies, advice for the NHS says."
Ukraine: Putin will search for a way to save face,"Wed, 16 Mar 2022 00:30:49 GMT",https://www.bbc.co.uk/news/world-europe-60756993,https://www.bbc.co.uk/news/world-europe-60756993?at_medium=RSS&at_campaign=KARANGA,"What might Putin want, to be able to come out of the war looking good in the eyes of Russia's majority?"
Ukraine's wartime rail chief has to be faster than the Russians tracking him,"Tue, 15 Mar 2022 16:51:50 GMT",https://www.bbc.co.uk/news/world-europe-60755198,https://www.bbc.co.uk/news/world-europe-60755198?at_medium=RSS&at_campaign=KARANGA,Ukraine's rail chief says his staff risk their lives to get others to safety amid Russia attacks.
War in Ukraine: What happened on day 20 of Russia's invasion,"Tue, 15 Mar 2022 22:30:02 GMT",https://www.bbc.co.uk/news/world-europe-60755202,https://www.bbc.co.uk/news/world-europe-60755202?at_medium=RSS&at_campaign=KARANGA,"Three PMs visit Kyiv, while staff at a hospital in Mariupol say they are being held like hostages."
Ukraine war: Could Russia use tactical nuclear weapons?,"Wed, 16 Mar 2022 00:32:03 GMT",https://www.bbc.co.uk/news/world-60664169,https://www.bbc.co.uk/news/world-60664169?at_medium=RSS&at_campaign=KARANGA,"Russia's nuclear weapons are 'combat ready', raising fears they could be used on the battlefield."
Nigerian volunteer: 'Fighting in Ukraine is better than living here',"Wed, 16 Mar 2022 00:33:05 GMT",https://www.bbc.co.uk/news/world-africa-60712913,https://www.bbc.co.uk/news/world-africa-60712913?at_medium=RSS&at_campaign=KARANGA,Hundreds of young men across the continent say they want to take up arms in Ukraine.
Ukraine war: Infection and hunger as hundreds hide in Mariupol cellar,"Tue, 15 Mar 2022 15:39:28 GMT",https://www.bbc.co.uk/news/world-europe-60736845,https://www.bbc.co.uk/news/world-europe-60736845?at_medium=RSS&at_campaign=KARANGA,"With no medical help, some are falling ill while sheltering from attacks in besieged Mariupol."
Ukraine UK refugee hosting scheme: Mum-of-four opens home to refugees,"Tue, 15 Mar 2022 16:46:14 GMT",https://www.bbc.co.uk/news/uk-60737095,https://www.bbc.co.uk/news/uk-60737095?at_medium=RSS&at_campaign=KARANGA,"Mandi Arnold, 35, says welcoming more people into her busy home will mean ""more love, more memories""."
Ukraine war: Protester exposes cracks in Kremlin's war message,"Tue, 15 Mar 2022 17:44:33 GMT",https://www.bbc.co.uk/news/world-europe-60749064,https://www.bbc.co.uk/news/world-europe-60749064?at_medium=RSS&at_campaign=KARANGA,Marina Ovsyannikova's moment of protest on TV was extraordinary - but she now faces prosecution.
Ukraine war: One shell that destroyed a family,"Tue, 15 Mar 2022 06:00:27 GMT",https://www.bbc.co.uk/news/world-europe-60742263,https://www.bbc.co.uk/news/world-europe-60742263?at_medium=RSS&at_campaign=KARANGA,A woman recounts the moment her husband and son were killed by a Russian shell in the town of Irpin.
What sanctions are being imposed on Russia over Ukraine invasion?,"Tue, 15 Mar 2022 14:48:36 GMT",https://www.bbc.co.uk/news/world-europe-60125659,https://www.bbc.co.uk/news/world-europe-60125659?at_medium=RSS&at_campaign=KARANGA,Western nations have imposed severe sanctions on Russia over its invasion of Ukraine.
Newspaper headlines: Zelensky's 'Nato concession' as Putin 'turns to Plan C',"Wed, 16 Mar 2022 00:51:03 GMT",https://www.bbc.co.uk/news/blogs-the-papers-60759952,https://www.bbc.co.uk/news/blogs-the-papers-60759952?at_medium=RSS&at_campaign=KARANGA,Ukraine's admission that it will never join Nato leads the papers as Russian bombardment intensifies.
Ukraine: The volunteers racing aid from the UK to the front line,"Wed, 16 Mar 2022 06:01:59 GMT",https://www.bbc.co.uk/news/health-60739969,https://www.bbc.co.uk/news/health-60739969?at_medium=RSS&at_campaign=KARANGA,Volunteers are racing medical supplies from the UK to the Ukrainian front line.
Stormzy tour review: Star praises fans who waited two years to see him,"Wed, 16 Mar 2022 01:56:06 GMT",https://www.bbc.co.uk/news/entertainment-arts-60756983,https://www.bbc.co.uk/news/entertainment-arts-60756983?at_medium=RSS&at_campaign=KARANGA,The star thanks fans who held onto tickets for two years as his Heavy Is The Head tour launches.
Ukraine refugees: Bringing my mother to the UK,"Tue, 15 Mar 2022 18:43:25 GMT",https://www.bbc.co.uk/news/world-europe-60739970,https://www.bbc.co.uk/news/world-europe-60739970?at_medium=RSS&at_campaign=KARANGA,Marianne filmed her experiences of using the Home Office's Ukraine Family Scheme in Poland.
Marina Ovsyannikova: TV protest 'was my own decision',"Tue, 15 Mar 2022 18:28:55 GMT",https://www.bbc.co.uk/news/world-europe-60758621,https://www.bbc.co.uk/news/world-europe-60758621?at_medium=RSS&at_campaign=KARANGA,The Russian state TV employee who staged an anti-war protest during a live bulletin speaks to reporters outside court.
NYC's Met opera house hosts concert in support of Ukraine,"Tue, 15 Mar 2022 23:18:37 GMT",https://www.bbc.co.uk/news/world-europe-60760303,https://www.bbc.co.uk/news/world-europe-60760303?at_medium=RSS&at_campaign=KARANGA,"The Metropolitan Opera holds a concert for Ukraine, opening with the war-torn country's national anthem."
Ukrainian girl in viral video singing Let It Go safe in Poland,"Tue, 15 Mar 2022 14:48:42 GMT",https://www.bbc.co.uk/news/world-europe-60748418,https://www.bbc.co.uk/news/world-europe-60748418?at_medium=RSS&at_campaign=KARANGA,Seven-year-old Amelia was filmed singing a song from Disney's Frozen whilst sheltering in a basement in Ukraine
Hertfordshire gardener smashes own tomato growing record,"Tue, 15 Mar 2022 19:24:50 GMT",https://www.bbc.co.uk/news/uk-england-beds-bucks-herts-60737800,https://www.bbc.co.uk/news/uk-england-beds-bucks-herts-60737800?at_medium=RSS&at_campaign=KARANGA,"Douglas Smith grew more than 1,000 tomatoes on a single stem, breaking his own record."
Couple injured in Alton Towers Smiler crash to marry,"Tue, 15 Mar 2022 11:16:56 GMT",https://www.bbc.co.uk/news/uk-england-stoke-staffordshire-60749626,https://www.bbc.co.uk/news/uk-england-stoke-staffordshire-60749626?at_medium=RSS&at_campaign=KARANGA,Leah Washington and Joe Pugh overcame severe injuries and continued dating after their recoveries.
Potholes near Sir Rod Stewart's Essex home to be fixed in April,"Tue, 15 Mar 2022 10:49:54 GMT",https://www.bbc.co.uk/news/uk-england-essex-60744835,https://www.bbc.co.uk/news/uk-england-essex-60744835?at_medium=RSS&at_campaign=KARANGA,The local authority announces a plan of action after Sir Rod posts videos of himself with a shovel.
Spain skies turn orange after Saharan dust cloud sweeps over country,"Tue, 15 Mar 2022 12:24:00 GMT",https://www.bbc.co.uk/news/world-europe-60752590,https://www.bbc.co.uk/news/world-europe-60752590?at_medium=RSS&at_campaign=KARANGA,"A large area was hit by the dust, which swept across the Mediterranean Sea."
Lord Young barred from debate after falling asleep in Parliament,"Tue, 15 Mar 2022 10:12:55 GMT",https://www.bbc.co.uk/news/uk-politics-60750113,https://www.bbc.co.uk/news/uk-politics-60750113?at_medium=RSS&at_campaign=KARANGA,A Labour member of the House of Lords has been told off for falling asleep in the debating chamber.
The neighbourhood leading a green energy revolution,"Wed, 16 Mar 2022 03:14:13 GMT",https://www.bbc.co.uk/news/business-60241966,https://www.bbc.co.uk/news/business-60241966?at_medium=RSS&at_campaign=KARANGA,A small area of Scotland is the home of a groundbreaking experiment to power homes with green hydrogen.
Brittney Griner: How can a US basketball star just vanish?,"Tue, 15 Mar 2022 23:25:37 GMT",https://www.bbc.co.uk/news/world-us-canada-60701050,https://www.bbc.co.uk/news/world-us-canada-60701050?at_medium=RSS&at_campaign=KARANGA,"Brittney Griner, widely considered the best female player of all time, has been detained in Russia."
Why is turning to Saudi Arabia for oil so controversial?,"Tue, 15 Mar 2022 18:54:05 GMT",https://www.bbc.co.uk/news/world-middle-east-58930311,https://www.bbc.co.uk/news/world-middle-east-58930311?at_medium=RSS&at_campaign=KARANGA,"Nations like the US and UK need to keep in with Saudi Arabia, as they turn away from Russian oil."
Ukraine war: The Telegram group tracing missing relatives,"Wed, 16 Mar 2022 00:24:49 GMT",https://www.bbc.co.uk/news/world-europe-60678083,https://www.bbc.co.uk/news/world-europe-60678083?at_medium=RSS&at_campaign=KARANGA,A group of women work 24/7 to help find loved ones separated by the war in Ukraine.
What are the UK's Living with Covid plans?,"Tue, 15 Mar 2022 15:00:29 GMT",https://www.bbc.co.uk/news/explainers-52530518,https://www.bbc.co.uk/news/explainers-52530518?at_medium=RSS&at_campaign=KARANGA,Scotland and Wales will follow England and Northern Ireland and lift most remaining Covid rules.